country,region
Sweden,Europe & North America
Denmark,Europe & North America
Netherlands,Europe & North America
Finland,Europe & North America
Switzerland,Europe & North America
Norway,Europe & North America
Belgium,Europe & North America
Germany,Europe & North America
Spain,Europe & North America
Austria,Europe & North America
Canada,Europe & North America
Italy,Europe & North America
Czechia,Europe & North America
Portugal,Europe & North America
France,Europe & North America
Croatia,Europe & North America
Ireland,Europe & North America
Poland,Europe & North America
The UK,Europe & North America
Lithuania,Europe & North America
Slovakia,Europe & North America
Estonia,Europe & North America
The US,Europe & North America
Hungary,Europe & North America
Bulgaria,Europe & North America
Albania,Europe & North America
Kazakhstan,Asia
Republic of Moldova,Europe & North America
Ukraine,Europe & North America
Azerbaijan,Asia
Russia,Europe & North America
Romania,Europe & North America
Armenia,Asia
Georgia,Asia
Kyrgyzstan,Asia
South Africa,Africa
Maldives,Asia
Peru,Latin America
Brazil,Latin America
Colombia,Latin America
Philippines,Asia
Turkey,Asia
Dominican Republic,Latin America
Honduras,Latin America
Rwanda,Africa
Namibia,Africa
Guyana,Latin America
Indonesia,Asia
Bolivia,Latin America
Nicaragua,Latin America
Cambodia,Asia
Guatemala,Latin America
Lesotho,Africa
Sao Tome and Principe,Africa
Burundi,Africa
Mozambique,Africa
Ghana,Africa
Nepal,Asia
Swaziland,Africa
Gabon,Africa
Uganda,Africa
Zimbabwe,Africa
Tanzania,Africa
Angola,Africa
Zambia,Africa
Congo,Africa
Madagascar,Africa
India,Asia
Senegal,Africa
Malawi,Africa
Kenya,Africa
Togo,Africa
Benin,Africa
Burkina Faso,Africa
Cameroon,Africa
Mali,Africa
Ivory Coast,Africa
Liberia,Africa
Sierra Leone,Africa
Guinea,Africa
Mauritania,Africa
Gambia,Africa
Niger,Africa
