"","country","sex","edu2","n_total","n_childless","n_niu","n","continent","p_childless","p_niu","gii"
"1","Albania","Men","High",1548.70576834679,181.187172979116,68.7453438490629,4,"Europe & North America",11.6992637776852,37.9416173445051,0.282500006258488
"2","Albania","Men","Low",1186.49632647634,129.55901299417,54.7864622175694,4,"Europe & North America",10.9194617887217,42.2868783509756,0.282500006258488
"3","Albania","Women","High",3605.22136425972,131.361288025975,82.8256333917379,4,"Europe & North America",3.64364000857818,63.0517823297835,0.282500006258488
"4","Albania","Women","Low",3536.84521862865,103.698446750641,42.3966648876667,4,"Europe & North America",2.93194755044577,40.8845708071367,0.282500006258488
"5","Angola","Men","High",825.665497481823,15.7870909720659,9.51252910494805,4,"Africa",1.91204440784005,60.2551104682918,0.611000001430511
"6","Angola","Men","Low",712.994662560522,18.2350640818477,7.37455499917269,4,"Africa",2.55753163934797,40.4416182255909,0.611000001430511
"7","Angola","Women","High",1555.67718479038,36.9324638098478,22.0832097530365,4,"Africa",2.37404418930425,59.7934918903194,0.611000001430511
"8","Angola","Women","Low",1768.09947785735,53.6271258294582,9.89772206544876,4,"Africa",3.03303781834977,18.456558900667,0.611000001430511
"9","Armenia","Men","High",397.399729505181,47.5451573431492,35.2096032202244,4,"FSU",11.964063841299,74.0550777150762,0.399499997496605
"10","Armenia","Men","Low",569.024437174201,51.8424882292747,36.5693561434746,4,"FSU",9.11076657563719,70.5393537087682,0.399499997496605
"11","Armenia","Women","High",1093.00788672268,130.879480049015,97.6384353637695,4,"FSU",11.9742484604982,74.6017903854781,0.399499997496605
"12","Armenia","Women","Low",1043.05698931217,61.9931048899889,34.1860528439283,4,"FSU",5.94340534843348,55.1449276570255,0.399499997496605
"13","Austria","Men","High",357414.807373714,98855.3626080886,35991.5100178235,4,"Europe & North America",27.6584407161187,36.4082524895605,0.130000002682209
"14","Austria","Men","Low",391567.991222368,113996.759403308,45838.1560158242,4,"Europe & North America",29.1128902154236,40.2100518082747,0.130000002682209
"15","Austria","Women","High",332486.605842261,82956.5198192611,20887.8323804987,4,"Europe & North America",24.9503343477895,25.1792534522994,0.130000002682209
"16","Austria","Women","Low",408206.108275574,64137.1190266573,16683.4342796599,4,"Europe & North America",15.7119449529058,26.0121354573563,0.130000002682209
"17","Azerbaijan","Men","High",306.777632962912,18.4261100441217,4.12435400485992,4,"Asia",6.00634077072669,22.3832051094022,0.346000000834465
"18","Azerbaijan","Men","Low",435.421869628132,26.1394728049635,12.2718770429492,4,"Asia",6.00325216261823,46.9476838133435,0.346000000834465
"19","Azerbaijan","Women","High",992.911211870611,116.819640427828,82.9539142549038,4,"Asia",11.7653662312609,71.0102461804387,0.346000000834465
"20","Azerbaijan","Women","Low",1902.910614077,232.674831993878,146.599852412939,4,"Asia",12.227312742524,63.0063213784962,0.346000000834465
"21","Belgium","Men","High",598.539190326094,124.304332047726,42.1590415260834,4,"Europe & North America",20.7679520500576,33.9159873445895,0.113000001758337
"22","Belgium","Men","Low",692.535952226347,149.661948370493,51.140623341814,4,"Europe & North America",21.6107117456305,34.1707587657577,0.113000001758337
"23","Belgium","Women","High",590.088249519934,88.6017949159519,24.9339750575808,4,"Europe & North America",15.0150074989688,28.1416139269337,0.113000001758337
"24","Belgium","Women","Low",676.936797274271,88.6608031234556,21.136006139713,4,"Europe & North America",13.0973531769072,23.8391773987004,0.113000001758337
"25","Benin","Men","High",760.462866187095,18.8003448843956,7.78596696257591,4,"Africa",2.47222392049978,41.4139581505141,0.645999997854233
"26","Benin","Men","Low",1244.68282356858,24.7611359357833,9.41209387779236,4,"Africa",1.98935306785962,38.0115593331506,0.645999997854233
"27","Benin","Women","High",710.940700143575,19.0546637773514,5.42713496088981,4,"Africa",2.68020437900141,28.4819245529831,0.645999997854233
"28","Benin","Women","Low",2410.47183522583,22.7324911057949,2.90287303924561,4,"Africa",0.943072255547231,12.7697093368954,0.645999997854233
"29","Bolivia","Men","High",783.916200902313,66.3748028129339,50.0169148817659,4,"Latin America",8.46707884548557,75.3552745350221,0.537499994039536
"30","Bolivia","Men","Low",807.595459654927,41.5550010204316,23.9378139674664,4,"Latin America",5.14552187281827,57.6051338699204,0.537499994039536
"31","Bolivia","Women","High",2048.15064204856,151.560650326312,96.2576803416014,4,"Latin America",7.39987807609309,63.5109971713355,0.537499994039536
"32","Bolivia","Women","Low",3024.015313413,74.7931528985501,35.7270809710026,4,"Latin America",2.47330602351138,47.7678498451095,0.537499994039536
"33","Brazil","Men","High",32.0809660553932,3.76924303174019,2.21847900748253,4,"Latin America",11.7491568839665,58.8574148390293,0.478500008583069
"34","Brazil","Men","Low",35.9106723666191,7.27970811724663,4.78540015220642,4,"Latin America",20.2717121053225,65.7361541854837,0.478500008583069
"35","Brazil","Women","High",196.356768041849,29.6646917462349,19.3643007874489,4,"Latin America",15.1075473700568,65.2772695334232,0.478500008583069
"36","Brazil","Women","Low",267.811458677053,12.1092090606689,7.57270395755768,4,"Latin America",4.52154255104935,62.5367348075116,0.478500008583069
"37","Bulgaria","Men","High",745.033885344922,165.374153476484,116.974982855055,4,"Europe & North America",22.1968633547349,70.7335338660937,0.28099999576807
"38","Bulgaria","Men","Low",660.674758223246,94.9151967156101,61.818417560304,4,"Europe & North America",14.3664027623616,65.1301579719922,0.28099999576807
"39","Bulgaria","Women","High",769.835564370766,84.2989410972771,53.0930449497263,4,"Europe & North America",10.9502528850015,62.9818646102083,0.28099999576807
"40","Bulgaria","Women","Low",756.613385481843,46.1561088381419,26.3217802756327,4,"Europe & North America",6.10035583876801,57.0277281560643,0.28099999576807
"41","Burkina Faso","Men","High",526.03097140789,30.3639968633652,19.5331138670444,4,"Africa",5.77228310000412,64.3298507602323,0.645999997854233
"42","Burkina Faso","Men","Low",1732.29665449261,44.1480997800827,12.4779149889946,4,"Africa",2.54852999141845,28.2637645813783,0.645999997854233
"43","Burkina Faso","Women","High",624.951179593802,17.5543939769268,9.89260193705559,4,"Africa",2.80892244868417,56.3539929094577,0.645999997854233
"44","Burkina Faso","Women","Low",4293.90956106782,26.0227439105511,0,4,"Africa",0.606038472409738,0,0.645999997854233
"45","Burundi","Men","High",903.191061280668,24.7602530270815,15.988061979413,4,"Africa",2.74141918454917,64.5714805980623,0.578000009059906
"46","Burundi","Men","Low",1239.4005022645,25.3429289162159,12.861506998539,4,"Africa",2.04477316814961,50.7498838869781,0.578000009059906
"47","Burundi","Women","High",1326.93212013319,42.5158509463072,24.8643307983875,4,"Africa",3.20407127849462,58.4824959279032,0.578000009059906
"48","Burundi","Women","Low",2442.65729096532,87.455379165709,54.1359381377697,4,"Africa",3.5803376711576,61.901210256254,0.578000009059906
"49","Cambodia","Men","High",687.957521859556,32.7146279513836,7.01766201853752,4,"Asia",4.75532673339418,21.4511442067026,0.555999994277954
"50","Cambodia","Men","Low",1019.5745741874,36.6761331260204,13.6860710084438,4,"Asia",3.59719966097147,37.3160140994635,0.555999994277954
"51","Cambodia","Women","High",2333.70345358923,184.96573555097,115.590133849531,4,"Asia",7.92584573102006,62.4927279126674,0.555999994277954
"52","Cambodia","Women","Low",3452.13220692426,250.285268571228,157.00936966762,4,"Asia",7.25016463938454,62.7321658058101,0.555999994277954
"53","Cameroon","Men","High",797.15159998089,21.9194879829884,12.8989759683609,4,"Africa",2.7497263987821,58.8470678620401,0.659999996423721
"54","Cameroon","Men","Low",918.583441711962,36.5090310275554,19.5172341167927,4,"Africa",3.97449261218051,53.4586472647327,0.659999996423721
"55","Cameroon","Women","High",1708.92955899984,59.2649273276329,15.0230610668659,4,"Africa",3.46795612584044,25.3489909534762,0.659999996423721
"56","Cameroon","Women","Low",1279.6032461226,38.6924028396606,2.49826794862747,4,"Africa",3.0237812350746,6.45674025203389,0.659999996423721
"57","Canada","Men","High",2297386.88298035,560346.108810425,152775.355293274,4,"Europe & North America",24.390585362945,27.2644626046579,0.141500003635883
"58","Canada","Men","Low",2708476.45826721,635345.090759277,180855.516571045,4,"Europe & North America",23.4576560124783,28.4657140192759,0.141500003635883
"59","Canada","Women","High",2540615.74694443,528724.488998413,133529.496192932,4,"Europe & North America",20.8108797890552,25.2550239248201,0.141500003635883
"60","Canada","Women","Low",2699364.24304199,515929.300632477,133206.90020752,4,"Europe & North America",19.1129930672513,25.8188282860115,0.141500003635883
"61","Colombia","Men","High",7026.73100665817,1083.68149994779,576.823782007675,4,"Latin America",15.4222710236233,53.2281654744003,0.480499997735023
"62","Colombia","Men","Low",5620.74007110228,735.874539875425,396.534170929343,4,"Latin America",13.0921289824226,53.8861109390293,0.480499997735023
"63","Colombia","Women","High",7799.42874211143,698.004264702554,371.510343293194,4,"Latin America",8.94942806431222,53.2246523524478,0.480499997735023
"64","Colombia","Women","Low",5028.29212427209,151.251063620672,72.3871684428304,4,"Latin America",3.0080007263414,47.8589483670495,0.480499997735023
"65","Congo","Men","High",1014.02545104176,37.8686486035585,13.7644968181848,4,"Africa",3.73448699582975,36.3480011190349,0.617500007152557
"66","Congo","Men","Low",664.684260480105,34.1968577951193,23.8552518934011,4,"Africa",5.14482737569545,69.7586077537387,0.617500007152557
"67","Congo","Women","High",1953.35541336238,60.5901650488376,12.2606939524412,4,"Africa",3.10185052010282,20.2354523090649,0.617500007152557
"68","Congo","Women","Low",1062.73434692621,12.624521099031,3.28340902924538,4,"Africa",1.18792820948578,26.0081867936948,0.617500007152557
"69","Czechia","Men","High",46.2028828870929,5.90418506654293,2.087829969081,4,"Europe & North America",12.7788239555768,35.3618652794615,0.157499998807907
"70","Czechia","Men","Low",123.148611015349,16.6725879505932,6.23005027838983,4,"Europe & North America",13.5385919606638,37.3670260241043,0.157499998807907
"71","Czechia","Women","High",42.8978633951743,3.48505631310695,1.23326134410548,4,"Europe & North America",8.12407900366197,35.387128163964,0.157499998807907
"72","Czechia","Women","Low",115.439745448328,8.56175303826072,3.17293096484137,4,"Europe & North America",7.41664234013151,37.0593609820581,0.157499998807907
"73","Denmark","Men","High",54.5465192525526,9.42946307902576,2.04344917704935,4,"Europe & North America",17.2870115421425,21.6708964224554,0.0620000008493662
"74","Denmark","Men","Low",70.8789926024848,16.6456506179754,1.96314780665593,4,"Europe & North America",23.4846038392931,11.793758331897,0.0620000008493662
"75","Denmark","Women","High",53.6233573734922,7.13947648929225,1.08746462822444,4,"Europe & North America",13.3141169053722,15.2317138358171,0.0620000008493662
"76","Denmark","Women","Low",72.207258443112,10.8174433366288,1.45592605151346,4,"Europe & North America",14.9811024125106,13.4590587277084,0.0620000008493662
"77","Dominican Republic","Men","High",274.480793774128,20.44256465137,5.76233798265457,4,"Latin America",7.4477213397278,28.1879406078747,0.497500002384186
"78","Dominican Republic","Men","Low",187.686852008104,29.0264537855983,12.518211722374,4,"Latin America",15.4653634365102,43.1269069754053,0.497500002384186
"79","Dominican Republic","Women","High",2500.31046245247,148.015487581491,69.465249337256,4,"Latin America",5.91988434253511,46.931068141779,0.497500002384186
"80","Dominican Republic","Women","Low",2025.82323209196,70.8352177515626,16.9043970257044,4,"Latin America",3.49661395078458,23.864396217419,0.497500002384186
"81","Estonia","Men","High",270.489882254548,51.2320222938095,14.8456168243762,4,"Europe & North America",18.9404579079956,28.977221978938,0.222500003874302
"82","Estonia","Men","Low",462.103184981658,61.4464055644464,30.3394957525389,4,"Europe & North America",13.2971179514561,49.3755419439761,0.222500003874302
"83","Estonia","Women","High",408.945936576101,34.4716839251747,18.8293047940359,4,"Europe & North America",8.42939881339543,54.6225268104319,0.222500003874302
"84","Estonia","Women","Low",382.736873137669,28.2415299981415,11.2237022358894,4,"Europe & North America",7.37883699749596,39.7418349382204,0.222500003874302
"85","Finland","Men","High",48.0428594538388,10.29583942445,2.53800019183424,4,"Europe & North America",21.4305300340057,24.6507359643462,0.0769999995827675
"86","Finland","Men","Low",66.8626390588397,17.8451288980947,6.05284621654761,4,"Europe & North America",26.689238039783,33.9187587330561,0.0769999995827675
"87","Finland","Women","High",48.7349959226456,7.68792509284596,2.2554553451048,4,"Europe & North America",15.7749579071446,29.3376342493715,0.0769999995827675
"88","Finland","Women","Low",57.6420959965124,10.0156234581034,1.54180348681847,4,"Europe & North America",17.3755365500751,15.3939841415567,0.0769999995827675
"89","France","Men","High",2269049.87658892,503587.783737848,153364.299755101,4,"Europe & North America",22.1937732146679,30.454332830865,0.161999993026257
"90","France","Men","Low",2398458.07348309,546256.049078863,218492.148863952,4,"Europe & North America",22.7753011452719,39.9981197887676,0.161999993026257
"91","France","Women","High",2118594.81859846,348392.798815406,107315.496322225,4,"Europe & North America",16.4445223672303,30.8030179404155,0.161999993026257
"92","France","Women","Low",2664870.15049616,268427.228823289,94930.5814880972,4,"Europe & North America",10.0728070661646,35.3654813277501,0.161999993026257
"93","Gabon","Men","High",1118.05213373154,71.5205565616488,20.5874483212828,4,"Africa",6.3968892329686,28.785358099859,0.600499987602234
"94","Gabon","Men","Low",760.811561875045,58.5128370821476,31.5554668009281,4,"Africa",7.6908448838423,53.9291348266478,0.600499987602234
"95","Gabon","Women","High",1496.01703770086,68.1435116752982,21.3408732116222,4,"Africa",4.55499569577255,31.3175424731717,0.600499987602234
"96","Gabon","Women","Low",806.801304388791,33.2160611823201,6.26717194914818,4,"Africa",4.11700638083172,18.8678962106561,0.600499987602234
"97","Gambia","Men","High",598.711925923825,34.1290628612042,21.1308389827609,4,"Africa",5.7004147376123,61.9145010476722,0.706000000238419
"98","Gambia","Men","Low",460.988003380597,14.5232311934233,5.49603815376759,4,"Africa",3.15045751449474,37.8430810648833,0.706000000238419
"99","Gambia","Women","High",605.057135015726,23.5194050073624,4.01474893093109,4,"Africa",3.88713786620351,17.0699425843227,0.706000000238419
"100","Gambia","Women","Low",1093.77880010754,23.8546422272921,0.179158002138138,4,"Africa",2.18093843334198,0.751040407276213,0.706000000238419
"101","Georgia","Men","High",539.982413172721,96.0160472393036,69.8668295145035,4,"FSU",17.7813285946021,72.7657839739772,0.401500001549721
"102","Georgia","Men","Low",552.547421813011,78.0720232129097,55.4289589524269,4,"FSU",14.1294701831638,70.9972108718983,0.401500001549721
"103","Georgia","Women","High",692.07258027792,115.473808407783,91.7634429931641,4,"FSU",16.6852165074091,79.4668888628939,0.401500001549721
"104","Georgia","Women","Low",575.786947607995,59.7499049305916,42.9670416116715,4,"FSU",10.3770856874773,71.9114811338765,0.401500001549721
"105","Germany","Men","High",1401.79993336603,478.910246590681,163.047850417704,4,"Europe & North America",34.1639513022883,34.0455965556024,0.114500001072884
"106","Germany","Men","Low",1722.82020684865,517.71696755689,197.175842141789,4,"Europe & North America",30.0505511543708,38.08564418359,0.114500001072884
"107","Germany","Women","High",1322.68964234752,251.783678624605,72.4209752226257,4,"Europe & North America",19.0357337476188,28.7631730611901,0.114500001072884
"108","Germany","Women","Low",1760.83294311398,291.418223144052,62.9343937086919,4,"Europe & North America",16.550021072907,21.5959019411022,0.114500001072884
"109","Ghana","Men","High",1092.94048090279,84.8651487529278,48.5206540226936,4,"Africa",7.76484632382062,57.1738278147066,0.588499993085861
"110","Ghana","Men","Low",485.161107510329,16.460409976542,8.96387001872062,4,"Africa",3.39277195177719,54.4571491930952,0.588499993085861
"111","Ghana","Women","High",1801.7127162069,88.1453150212765,22.5532019138337,4,"Africa",4.89230687158863,25.5863875560372,0.588499993085861
"112","Ghana","Women","Low",1380.49571473897,28.6046438515186,4.32337698340416,4,"Africa",2.07205596845532,15.1142486018914,0.588499993085861
"113","Guatemala","Men","High",1648.27300297469,126.426374673843,82.8888049125671,4,"Latin America",7.67023268874013,65.5629057832314,0.566500008106232
"114","Guatemala","Men","Low",1824.89623258263,126.2386713624,79.7420772910118,4,"Latin America",6.91758079766238,63.167709569829,0.566500008106232
"115","Guatemala","Women","High",3079.31600466371,232.270598962903,166.816791847348,4,"Latin America",7.54292831950741,71.8200205244192,0.566500008106232
"116","Guatemala","Women","Low",4395.11168386787,205.937371030449,145.170338071883,4,"Latin America",4.68560040888919,70.4924693102051,0.566500008106232
"117","Guinea","Men","High",376.101895362139,17.0561040639877,7.44149696826935,4,"Africa",4.53496892047429,43.6295237197886,0.677500009536743
"118","Guinea","Men","Low",915.619900941849,27.2690889835358,10.351556956768,4,"Africa",2.97821060414759,37.9607729580478,0.677500009536743
"119","Guinea","Women","High",206.848982721567,14.9378319978714,2.52670800685883,4,"Africa",7.22161250267243,16.9148241004376,0.677500009536743
"120","Guinea","Women","Low",1881.37460377812,83.1031856834888,11.9384719729424,4,"Africa",4.41715251798358,14.3658415435623,0.677500009536743
"121","Guyana","Men","High",736.122827075422,100.588814675808,47.003193050623,4,"Latin America",13.664678091215,46.728051426107,0.528499990701675
"122","Guyana","Men","Low",552.043287709355,74.9092815071344,37.7557519078254,4,"Latin America",13.5694578984852,50.4019677511251,0.528499990701675
"123","Guyana","Women","High",1146.50973361731,89.631271481514,46.2151593267918,4,"Latin America",7.81775059150366,51.5614233323952,0.528499990701675
"124","Guyana","Women","Low",708.213959485293,50.459168985486,20.090164989233,4,"Latin America",7.1248481210619,39.8146965024566,0.528499990701675
"125","Honduras","Men","High",1158.32615754753,95.3572841435671,46.3170841634273,4,"Latin America",8.23233452186406,48.5721511255435,0.501499995589256
"126","Honduras","Men","Low",971.798589341342,87.7036107107997,45.3898397237062,4,"Latin America",9.02487528513936,51.7536728030252,0.501499995589256
"127","Honduras","Women","High",3986.75146026164,217.446676522493,138.790330931544,4,"Latin America",5.45423206562826,63.827294650414,0.501499995589256
"128","Honduras","Women","Low",2767.6248665601,89.9982929229737,48.1192578971386,4,"Latin America",3.25182411859282,53.4668562417313,0.501499995589256
"129","Hungary","Men","High",693.677211415973,167.750353565317,78.3323989719708,4,"Europe & North America",24.1827684122556,46.6958175092432,0.265500001609325
"130","Hungary","Men","Low",648.338841500158,155.139400126729,85.2262819039519,4,"Europe & North America",23.9287530217625,54.9352916372843,0.265500001609325
"131","Hungary","Women","High",674.02717657197,83.3076029959732,31.708096621582,4,"Europe & North America",12.3596801273899,38.0614679588305,0.265500001609325
"132","Hungary","Women","Low",736.091017030946,66.4758664573116,28.4969580265433,4,"Europe & North America",9.0309302680319,42.8681257503322,0.265500001609325
"133","India","Men","High",23583.0686648905,2054.93760439788,602.850566162844,4,"Asia",8.71361413392816,29.3366847184387,0.622999995946884
"134","India","Men","Low",18595.7866865465,1371.90411538526,370.352039753227,4,"Asia",7.37749974502445,26.9954755292227,0.622999995946884
"135","India","Women","High",103363.365785672,4394.56606003864,1334.21356126887,4,"Asia",4.25157020249412,30.3605303240598,0.622999995946884
"136","India","Women","Low",117130.903967352,3806.99294235942,755.727506319294,4,"Asia",3.25020367248299,19.8510351282901,0.622999995946884
"137","Indonesia","Men","High",2742.10879403352,85.7860381603241,0,4,"Asia",3.12846953217114,0,0.534500002861023
"138","Indonesia","Men","Low",3244.00675432384,109.439861953259,0,4,"Asia",3.37360154405934,0,0.534500002861023
"139","Indonesia","Women","High",8556.25087026507,600.806821450591,249.937833242119,4,"Asia",7.0218467242298,41.6003654283863,0.534500002861023
"140","Indonesia","Women","Low",8661.44358681887,362.573697052896,130.148594632745,4,"Asia",4.1860654453106,35.8957629002408,0.534500002861023
"141","Ireland","Men","High",50.3601244166499,12.5633895480798,4.41109448018507,4,"Europe & North America",24.9470979144883,35.1107037102043,0.182500004768372
"142","Ireland","Men","Low",43.118317719289,11.9576931849232,6.65969781105621,4,"Europe & North America",27.7322813537643,55.6938341540075,0.182500004768372
"143","Ireland","Women","High",47.1720254115492,6.50754877319409,2.23441635777035,4,"Europe & North America",13.7953558627585,34.3357604475338,0.182500004768372
"144","Ireland","Women","Low",55.1210118082793,6.14740173300404,2.37267881520805,4,"Europe & North America",11.1525560423052,38.5964496588805,0.182500004768372
"145","Italy","Men","High",440.750774324369,152.271207560205,64.2061733097783,4,"Europe & North America",34.5481429485003,42.1656689656135,0.154500003904104
"146","Italy","Men","Low",437.485077700019,136.365598393786,72.5738107165737,4,"Europe & North America",31.1703427944783,53.2200287839465,0.154500003904104
"147","Italy","Women","High",494.469462531363,140.460592443899,54.0906796757485,4,"Europe & North America",28.406322955685,38.5095055734958,0.154500003904104
"148","Italy","Women","Low",435.274204784046,104.538757505262,44.2421517979048,4,"Europe & North America",24.01675917302,42.3212910251757,0.154500003904104
"149","Ivory Coast","Men","High",767.408947702497,49.1881629824638,28.1543150842189,4,"Africa",6.40964157763934,57.2379885263377,0.668999999761581
"150","Ivory Coast","Men","Low",799.170231312513,32.5328870080412,17.4011840745807,4,"Africa",4.07083318839479,53.4879799332891,0.668999999761581
"151","Ivory Coast","Women","High",939.888841882349,54.2455258071422,21.8245709091425,4,"Africa",5.7714831148014,40.2329419512586,0.668999999761581
"152","Ivory Coast","Women","Low",1713.07040970028,37.1158191338182,5.45408894866705,4,"Africa",2.16662543020121,14.6947826451109,0.668999999761581
"153","Kazakhstan","Men","High",1435.05766773224,246.454460054636,159.124163419008,4,"FSU",17.1738366754346,64.5653413550448,0.327500000596046
"154","Kazakhstan","Men","Low",1244.41001942754,205.818298339843,113.525428116322,4,"FSU",16.5394279318424,55.1580831403389,0.327500000596046
"155","Kazakhstan","Women","High",1660.36666500568,271.877594858407,200.324647247791,4,"FSU",16.3745515125405,73.6819256298482,0.327500000596046
"156","Kazakhstan","Women","Low",1739.04511463642,192.130280941724,132.339021652937,4,"FSU",11.0480331605366,68.8798356012799,0.327500000596046
"157","Kenya","Men","High",1855.10998205468,53.4652232304215,33.5239591225982,4,"Africa",2.88205140113604,62.7023644474811,0.642500013113022
"158","Kenya","Men","Low",2364.63549578935,125.903225526214,71.86231841892,4,"Africa",5.3244242400322,57.0774244413285,0.642500013113022
"159","Kenya","Women","High",5584.09171600267,171.604806743562,116.848326846957,4,"Africa",3.07310150819665,68.0915232296317,0.642500013113022
"160","Kenya","Women","Low",3330.69281334058,71.8925151973963,17.3183371275663,4,"Africa",2.15848531300881,24.0892074508941,0.642500013113022
"161","Kyrgyzstan","Men","High",289.602290168405,9.54226005077362,2.85179400444031,4,"FSU",3.294953242678,29.8859388579449,0.414499998092651
"162","Kyrgyzstan","Men","Low",574.286932185292,23.4339458942413,10.2774900794029,4,"FSU",4.08052918861828,43.8572749369048,0.414499998092651
"163","Kyrgyzstan","Women","High",1227.31205201894,58.6841690540313,25.3579409718513,4,"FSU",4.7815198227293,43.2108716551885,0.414499998092651
"164","Kyrgyzstan","Women","Low",1523.9771386236,44.1856679916382,10.7332160174847,4,"FSU",2.89936553979709,24.291170656322,0.414499998092651
"165","Lesotho","Men","High",413.032456867397,50.169054955244,29.4452149569988,4,"Africa",12.1465163623571,58.6919864910092,0.57150000333786
"166","Lesotho","Men","Low",396.966816723347,62.4592230170966,46.4564021527767,4,"Africa",15.7341169049466,74.3787705141008,0.57150000333786
"167","Lesotho","Women","High",692.72620716691,44.7736392617226,13.6553930044174,4,"Africa",6.46339618719442,30.4987336959485,0.57150000333786
"168","Lesotho","Women","Low",1112.43905577064,38.3635738790035,9.18274182081222,4,"Africa",3.44860005408812,23.9360958647233,0.57150000333786
"169","Liberia","Men","High",645.923338066786,4.73780993372202,3.428337931633,4,"Africa",0.733494155498705,72.3612382006152,0.671000003814697
"170","Liberia","Men","Low",519.773504894227,13.1903967261314,5.13647988438606,4,"Africa",2.53772010345461,38.9410568236375,0.671000003814697
"171","Liberia","Women","High",502.287615984678,6.05768810212612,4.90304809808731,4,"Africa",1.20601980008022,80.9392628908452,0.671000003814697
"172","Liberia","Women","Low",889.281434804201,8.84338289499283,0.832566976547241,4,"Africa",0.994441416281218,9.41457569386309,0.671000003814697
"173","Lithuania","Men","High",557.08452448916,81.0896273163125,39.6859674423185,4,"FSU",14.5560725081478,48.9408679700949,0.206000007688999
"174","Lithuania","Men","Low",594.108971758236,94.069273019563,54.8325974837556,4,"FSU",15.8336731965467,58.2895941721081,0.206000007688999
"175","Lithuania","Women","High",578.753844353843,65.8760809675609,42.0692622092921,4,"FSU",11.3824005853662,63.8612097006926,0.206000007688999
"176","Lithuania","Women","Low",508.035088486974,47.5826215593739,28.0341118296685,4,"FSU",9.36601085981759,58.9167030124378,0.206000007688999
"177","Madagascar","Men","High",856.581487879157,46.7318660616875,18.2685660719871,4,"Africa",5.45562409682618,39.0923102618502,0.620000004768372
"178","Madagascar","Men","Low",1416.76496197283,64.9501616656781,18.6400399506092,4,"Africa",4.58439920586655,28.6989893059176,0.620000004768372
"179","Madagascar","Women","High",1954.30712867528,102.118400081992,35.2968900203705,4,"Africa",5.22529947231032,34.5646719807891,0.620000004768372
"180","Madagascar","Women","Low",3182.69027923048,121.977137170732,16.0491360127926,4,"Africa",3.83251672230651,13.1574952364463,0.620000004768372
"181","Malawi","Men","High",1106.38872481976,33.1318498533219,19.0309048946947,4,"Africa",2.99459395328883,57.4399104757099,0.638999998569489
"182","Malawi","Men","Low",966.435346846469,22.9153693020343,15.3465682864189,4,"Africa",2.37112284611779,66.970634791631,0.638999998569489
"183","Malawi","Women","High",2432.94711218589,20.2071881638839,2.38800605386496,4,"Africa",0.830564218296088,11.8176068560247,0.638999998569489
"184","Malawi","Women","Low",3260.91880831402,42.4124759659171,3.40241198241711,4,"Africa",1.30062962186555,8.02219607539845,0.638999998569489
"185","Maldives","Men","High",496.331611692905,53.9771140217781,20.1327029466629,4,"Asia",10.8752118039935,37.29859091492,0.452500000596046
"186","Maldives","Men","Low",621.43114617467,54.1786599457264,23.2559298872948,4,"Asia",8.71836892618478,42.9245203011509,0.452500000596046
"187","Maldives","Women","High",1291.71062923968,61.2865367084742,14.8132108449936,4,"Asia",4.74460264715391,24.1704159519677,0.452500000596046
"188","Maldives","Women","Low",809.726905509829,37.6838738024235,12.2389738857747,4,"Asia",4.6538991783528,32.4780142029548,0.452500000596046
"189","Mali","Men","High",417.761244381778,7.3465409129858,2.0119039863348,4,"Africa",1.75855013163261,27.3857317363951,0.668000012636185
"190","Mali","Men","Low",1151.35225075763,19.2905468931422,6.64389999676496,4,"Africa",1.67546872648648,34.4412215660245,0.668000012636185
"191","Mali","Women","High",274.203597204294,8.15800896286964,1.86635598540306,4,"Africa",2.97516482133951,22.8775917493789,0.668000012636185
"192","Mali","Women","Low",1603.69914657204,33.9898277260363,1.7054620301351,4,"Africa",2.11946410264611,5.01756597262396,0.668000012636185
"193","Mauritania","Men","High",99.2138444185257,18.0444690585136,11.6160769760609,4,"Africa",18.1874507174568,64.3747230156395,0.700500011444092
"194","Mauritania","Men","Low",230.984545141459,32.4889820814133,23.1486650109291,4,"Africa",14.0654354435343,71.25081651657,0.700500011444092
"195","Mauritania","Women","High",162.21282093972,18.2062601149082,4.83731001615524,4,"Africa",11.2236875047465,26.5694875588106,0.700500011444092
"196","Mauritania","Women","Low",1002.82856549323,74.4575488716364,35.6228579282761,4,"Africa",7.42475348565837,47.8431783856991,0.700500011444092
"197","Mozambique","Men","High",383.006688401103,6.13679912686348,2.31361204385757,4,"Africa",1.60226944142467,37.7006318119469,0.580000013113022
"198","Mozambique","Men","Low",682.790926635266,24.725722014904,4.53599095344544,4,"Africa",3.6212727864956,18.3452315394926,0.580000013113022
"199","Mozambique","Women","High",1270.61830955744,55.3270643055439,15.3316341042518,4,"Africa",4.35434181054849,27.710912004264,0.580000013113022
"200","Mozambique","Women","Low",2687.03982019424,107.555016547442,5.58807796239853,4,"Africa",4.00273251401487,5.19555306835333,0.580000013113022
"201","Namibia","Men","High",738.109916374087,76.4970374405384,55.5894573926926,4,"Africa",10.3639086460625,72.6687715663533,0.520500004291534
"202","Namibia","Men","Low",516.238332822919,58.0708329528571,50.3070769757032,4,"Africa",11.2488417191555,86.6305413882101,0.520500004291534
"203","Namibia","Women","High",1677.70258559287,121.476241543889,73.1858043670655,4,"Africa",7.24063028733796,60.2470108038564,0.520500004291534
"204","Namibia","Women","Low",1055.91636172682,34.1138063594699,23.1827302724123,4,"Africa",3.23072997028676,67.9570319070444,0.520500004291534
"205","Nepal","Men","High",675.428091943264,15.4694170355797,4.22653299570084,4,"Asia",2.29031294672285,27.3218634288532,0.590499997138977
"206","Nepal","Men","Low",545.558609351515,6.03384988009929,0,4,"Asia",1.10599480544749,0,0.590499997138977
"207","Nepal","Women","High",1130.26905585825,54.5848840624094,22.4151340723037,4,"Asia",4.82937082807785,41.0647278222218,0.590499997138977
"208","Nepal","Women","Low",2459.56459197402,49.738812059164,15.5560740828514,4,"Asia",2.02226085956312,31.275523959735,0.590499997138977
"209","Netherlands","Men","High",1515.48057142244,414.744098046316,117.174541981548,4,"Europe & North America",27.3671669480417,28.2522506127291,0.0760000012814999
"210","Netherlands","Men","Low",1544.80658947596,455.043262971977,169.816392600632,4,"Europe & North America",29.4563258644786,37.3187356937289,0.0760000012814999
"211","Netherlands","Women","High",1624.26963311392,386.802773506789,82.3013072508539,4,"Europe & North America",23.8139509365353,21.2773312106071,0.0760000012814999
"212","Netherlands","Women","Low",1376.00781336687,223.730639541965,58.9407461472899,4,"Europe & North America",16.2594018266896,26.3445124315368,0.0760000012814999
"213","Nicaragua","Men","High",107.241100788116,3.52090698480606,2.91921699047089,4,"Latin America",3.28316938089117,82.9109375245733,0.544500008225441
"214","Nicaragua","Men","Low",81.2991087138653,4.92848408222198,1.39410501718521,4,"Latin America",6.06216250115107,28.2866900638682,0.544500008225441
"215","Nicaragua","Women","High",540.005708873272,35.2354926466942,23.1102944016457,4,"Latin America",6.52502224841538,65.588112058975,0.544500008225441
"216","Nicaragua","Women","Low",536.29035025835,16.2033721804619,5.33150202035904,4,"Latin America",3.02138052132696,32.9036570966863,0.544500008225441
"217","Niger","Men","High",357.077430799603,21.2597490698099,6.23677903413772,4,"Africa",5.95382044230659,29.3360895919242,0.743000000715256
"218","Niger","Men","Low",1156.63963991404,23.7063420414925,9.12557101249695,4,"Africa",2.0495875485691,38.4942181148181,0.743000000715256
"219","Niger","Women","High",414.773331686854,22.610495120287,10.261852055788,4,"Africa",5.4512895099431,45.3853487117172,0.743000000715256
"220","Niger","Women","Low",2793.83449925482,35.9087781310082,5.06242606043816,4,"Africa",1.2852865171715,14.0980181558075,0.743000000715256
"221","Norway","Men","High",696.125243776994,136.49566245859,32.7672552312707,4,"Europe & North America",19.6079173509065,24.0060780255282,0.0859999991953373
"222","Norway","Men","Low",1392.58833935672,263.165653684308,95.9136805988341,4,"Europe & North America",18.8975913589706,36.4461240500219,0.0859999991953373
"223","Norway","Women","High",837.566867174894,110.001281754715,33.5319969584547,4,"Europe & North America",13.1334328118481,30.4832783978149,0.0859999991953373
"224","Norway","Women","Low",1161.36609763881,130.341368908304,27.9329879613511,4,"Europe & North America",11.2231077842984,21.4306387874461,0.0859999991953373
"225","Peru","Men","High",52.5518718063831,14.6783251166344,9.71193498373032,4,"Latin America",27.9311176026494,66.1651442283707,0.470500007271767
"226","Peru","Men","Low",34.3248340934515,3.48812499642372,1.65346696972847,4,"Latin America",10.1621030036943,47.4027442085282,0.470500007271767
"227","Peru","Women","High",651.62349870801,82.5189137160778,72.6328746378422,4,"Latin America",12.663587774181,88.0196689061487,0.470500007271767
"228","Peru","Women","Low",693.506831407547,18.2968249022961,12.3482209295034,4,"Latin America",2.63830492702728,67.4883265016861,0.470500007271767
"229","Philippines","Men","High",503.920758008957,66.785150796175,37.0986028909683,4,"Asia",13.2531057184566,55.5491788948586,0.481000006198883
"230","Philippines","Men","Low",441.660624265671,57.3457948863506,38.2659439742565,4,"Asia",12.9841311938769,66.7284219358943,0.481000006198883
"231","Philippines","Women","High",1587.34920302033,205.197019547224,131.466212242842,4,"Asia",12.9270244478521,64.0682854619077,0.481000006198883
"232","Philippines","Women","Low",1416.86842113733,72.3787349760532,47.185092151165,4,"Asia",5.10835966814436,65.1919271133661,0.481000006198883
"233","Poland","Men","High",290.804361546037,40.0099861406164,27.3561828906139,4,"Europe & North America",13.758385853605,68.3733875699675,0.182500004768372
"234","Poland","Men","Low",462.657599462794,87.9007221677963,52.0419886013984,4,"Europe & North America",18.9990875044224,59.2054164265612,0.182500004768372
"235","Poland","Women","High",339.416893019109,49.5109720317717,15.0368574540792,4,"Europe & North America",14.5870677182188,30.3707579088327,0.182500004768372
"236","Poland","Women","Low",441.062961716717,38.6096302154789,20.0600007475276,4,"Europe & North America",8.75376841102265,51.9559514959701,0.182500004768372
"237","Portugal","Men","High",98.1134076396638,17.7741422909238,8.62598926824204,4,"Europe & North America",18.1159157739195,48.5311140591399,0.160999998450279
"238","Portugal","Men","Low",128.966392131794,22.7054149534216,9.69530898092703,4,"Europe & North America",17.6056836033828,42.7004263115923,0.160999998450279
"239","Portugal","Women","High",124.772884751938,21.6653415994514,8.20847761012534,4,"Europe & North America",17.3638219894686,37.8875983673998,0.160999998450279
"240","Portugal","Women","Low",147.881687113259,11.0044638730777,5.30820233983377,4,"Europe & North America",7.44139730070136,48.2368100895876,0.160999998450279
"241","Republic of Moldova","Men","High",250.686770886183,21.2999199628829,5.56674498319626,4,"FSU",8.49662704082361,26.1350511781116,0.340000003576279
"242","Republic of Moldova","Men","Low",289.279486477375,30.2307130694389,8.40899193286896,4,"FSU",10.4503480138068,27.8160555245713,0.340000003576279
"243","Republic of Moldova","Women","High",959.001373469829,51.2341632246971,12.8485680818558,4,"FSU",5.34244941061172,25.0781261431088,0.340000003576279
"244","Republic of Moldova","Women","Low",1037.88100621104,39.0535760223865,10.4204469919205,4,"FSU",3.76281826034741,26.6824400048467,0.340000003576279
"245","Romania","Men","High",585.305978417397,107.422593533993,43.4461690783501,4,"Europe & North America",18.3532370238985,40.4441632333163,0.395999997854233
"246","Romania","Men","Low",553.829469561577,110.755256533623,53.7463874816895,4,"Europe & North America",19.9980793043207,48.5271662617415,0.395999997854233
"247","Romania","Women","High",579.243778109551,68.5586279630661,28.9625949859619,4,"Europe & North America",11.8358850891446,42.2450037966988,0.395999997854233
"248","Romania","Women","Low",553.152924239636,45.089772939682,13.7785275578498,4,"Europe & North America",8.15141183636739,30.5579883409078,0.395999997854233
"249","Russia","Men","High",980.836776227781,108.254863638794,50.0287251824159,4,"FSU",11.0369906861704,46.2138360354349,0.355000004172325
"250","Russia","Men","Low",1047.27457809018,157.291963341957,50.8093739791567,4,"FSU",15.0191713455697,32.3025874301638,0.355000004172325
"251","Russia","Women","High",1284.93381847193,94.4473449686682,45.4918237689052,4,"FSU",7.35036650222088,48.1663341452283,0.355000004172325
"252","Russia","Women","Low",1255.15988171546,76.010834964545,31.212365516748,4,"FSU",6.05586874404071,41.0630478290455,0.355000004172325
"253","Rwanda","Men","High",760.400369182229,21.9868701696396,11.3333270549774,4,"Africa",2.89148599352803,51.5458861017288,0.506500005722046
"254","Rwanda","Men","Low",850.833466514946,21.5606638491154,10.7891619205475,4,"Africa",2.53406391469636,50.0409541934867,0.506500005722046
"255","Rwanda","Women","High",1318.82433608919,38.1653584837914,15.6583331823349,4,"Africa",2.89389249496002,41.0276067208563,0.506500005722046
"256","Rwanda","Women","Low",1173.33752796054,29.3276467174292,19.2035618126392,4,"Africa",2.49950640958409,65.4793819554116,0.506500005722046
"257","Sao Tome and Principe","Men","High",280.881446748972,12.1578122228384,6.22242118418217,4,"Africa",4.32844972979081,51.1804350168641,0.574499994516373
"258","Sao Tome and Principe","Men","Low",254.853274628521,28.6534330695868,15.2458631247282,4,"Africa",11.2431096329261,53.2078061560812,0.574499994516373
"259","Sao Tome and Principe","Women","High",300.122746065259,2.54850789904594,0,4,"Africa",0.849155198150757,0,0.574499994516373
"260","Sao Tome and Principe","Women","Low",400.183677360415,2.56718897819519,0,4,"Africa",0.641502670755638,0,0.574499994516373
"261","Senegal","Men","High",453.781605787575,64.0357524156571,41.6782301068306,4,"Africa",14.1115795790175,65.0858755219998,0.622500002384186
"262","Senegal","Men","Low",588.724383771419,25.6486032605172,11.9013801217079,4,"Africa",4.35664021527527,46.4016695210402,0.622500002384186
"263","Senegal","Women","High",667.486167654395,79.8621240556241,37.3033470213413,4,"Africa",11.9646110924316,46.7096855517635,0.622500002384186
"264","Senegal","Women","Low",1080.46149742603,38.4486126825213,13.1612698435783,4,"Africa",3.55853612313968,34.2308055488343,0.622500002384186
"265","Sierra Leone","Men","High",858.135692000389,18.1454941332341,12.5326669812202,4,"Africa",2.11452504567609,69.0676533204253,0.674499988555908
"266","Sierra Leone","Men","Low",1278.54091900587,12.1351809501648,7.14830100536347,4,"Africa",0.949142946445586,58.9055988099328,0.674499988555908
"267","Sierra Leone","Women","High",592.286044254899,13.3615401983261,2.55969107151031,4,"Africa",2.25592690017457,19.1571557883049,0.674499988555908
"268","Sierra Leone","Women","Low",2108.26627096534,33.478611305356,3.72850203514099,4,"Africa",1.58796883327392,11.136967424167,0.674499988555908
"269","Slovakia","Men","High",41.4261200478309,6.25532933813444,4.61752048944292,4,"FSU",15.0999643000889,73.8173841830049,0.208999998867512
"270","Slovakia","Men","Low",81.31739342528,17.6574428478479,13.3400528958066,4,"FSU",21.7142263224075,75.5491778212523,0.208999998867512
"271","Slovakia","Women","Low",80.5438929394033,6.98491129075756,4.51543652288112,4,"FSU",8.67217989576518,64.6455815245062,0.208999998867512
"272","South Africa","Men","High",719.479955710471,77.1804385781288,44.0067338943482,4,"Africa",10.7272534787873,57.0179888908,0.449499994516373
"273","South Africa","Men","Low",424.983715139329,56.214511886239,44.5469679087401,4,"Africa",13.2274508136881,79.2446050210123,0.449499994516373
"274","South Africa","Women","High",1664.33823540062,96.9421321600675,47.8598771095276,4,"Africa",5.82466532932429,49.3695321560526,0.449499994516373
"275","South Africa","Women","Low",821.330787226558,42.9724561572075,22.1554339081049,4,"Africa",5.23205227729444,51.5572901559383,0.449499994516373
"276","Spain","Men","High",503.526891922225,146.305469404179,57.5775909853793,4,"Europe & North America",29.0561381628803,39.3543667368424,0.116999994963408
"277","Spain","Men","Low",664.475267981707,132.785315519546,45.8802624659642,4,"Europe & North America",19.9834850020635,34.5522110531949,0.116999994963408
"278","Spain","Women","High",907.180573081813,190.651866506612,71.1868442072008,4,"Europe & North America",21.0158674208534,37.3386557979132,0.116999994963408
"279","Spain","Women","Low",1085.76466149317,139.532079974002,44.4118867299467,4,"Europe & North America",12.8510426727385,31.8291583829479,0.116999994963408
"280","Swaziland","Men","High",373.894497714937,20.9065659940243,13.9669510424137,4,"Africa",5.59156824232374,66.8065288503425,0.590999990701675
"281","Swaziland","Men","Low",365.216838933527,34.9266158640385,22.1345029473304,4,"Africa",9.56325452189663,63.3743132558136,0.590999990701675
"282","Swaziland","Women","High",528.250600911677,26.8052800297737,10.0375229418278,4,"Africa",5.07434917887686,37.4460663372241,0.590999990701675
"283","Swaziland","Women","Low",562.198598615826,21.665294982493,4.25010398775339,4,"Africa",3.85367288994219,19.6171064884543,0.590999990701675
"284","Sweden","Men","High",89.4456137008269,19.9553732578573,5.79680191604146,4,"Europe & North America",22.3100635483402,29.048827306495,0.0559999998658895
"285","Sweden","Men","Low",135.682770505907,22.777260462516,9.31856835966934,4,"Europe & North America",16.7871428167252,40.9117170829419,0.0559999998658895
"286","Sweden","Women","High",97.547660496432,11.8507032021854,1.34447125228026,4,"Europe & North America",12.1486288260279,11.3450757253993,0.0559999998658895
"287","Sweden","Women","Low",121.799014335059,13.5595309278259,3.19936508118654,4,"Europe & North America",11.1327099006932,23.5949539716085,0.0559999998658895
"288","Switzerland","Men","High",68.1094522803364,17.696897618313,3.25940163053763,4,"Europe & North America",25.9830273564278,18.4179266944776,0.0800000000745058
"289","Switzerland","Men","Low",113.103173588573,28.1644362003326,2.94017453195656,4,"Europe & North America",24.9015437027296,10.4393161327399,0.0800000000745058
"290","Switzerland","Women","High",78.1502871938724,18.7429762720651,2.33535412177977,4,"Europe & North America",23.9832468248879,12.4598894427478,0.0800000000745058
"291","Switzerland","Women","Low",114.028893008939,22.0923738260337,5.760452092781,4,"Europe & North America",19.3743649026759,26.074391725134,0.0800000000745058
"292","Tanzania","Men","High",818.541007079184,28.003393933177,16.4970810711384,4,"Africa",3.42113512835503,58.9110059677214,0.610499978065491
"293","Tanzania","Men","Low",221.757447175681,8.64255905896426,3.49674600362778,4,"Africa",3.89730273730894,40.4596136372464,0.610499978065491
"294","Tanzania","Women","High",2538.62676349282,63.7708221077919,16.4158689826727,4,"Africa",2.51202039720292,25.7419748406645,0.610499978065491
"295","Tanzania","Women","Low",1083.19916019589,23.7388199344277,3.3610929697752,4,"Africa",2.19154711402608,14.1586354294752,0.610499978065491
"296","The UK","Men","High",1271.1396234277,282.260350072031,60.6049616406979,4,"Europe & North America",22.2052986839401,21.4712982624842,0.194499999284744
"297","The UK","Men","Low",1343.32224267511,312.285343421697,69.9433198307812,4,"Europe & North America",23.2472398283086,22.3972470383705,0.194499999284744
"298","The UK","Women","High",1371.4682969897,236.839157218674,40.2962312424939,4,"Europe & North America",17.2690216564629,17.0141760829221,0.194499999284744
"299","The UK","Women","Low",1499.88467449087,177.360513541848,30.7953555672939,4,"Europe & North America",11.8249433812004,17.3631407308864,0.194499999284744
"300","The US","Men","High",4370015.82123495,1075189.98265478,311738.486093735,4,"Europe & North America",24.6038006871777,28.9938049203186,0.261500000953674
"301","The US","Men","Low",5357010.68011748,939997.200007867,253982.702096339,4,"Europe & North America",17.5470473392309,27.0195168766687,0.261500000953674
"302","The US","Women","High",4099866.54295956,646046.266757099,184631.871779359,4,"Europe & North America",15.7577389407105,28.5787382854387,0.261500000953674
"303","The US","Women","Low",5758989.1445457,570040.752686056,101779.193596514,4,"Europe & North America",9.89827795084382,17.8547223364165,0.261500000953674
"304","Togo","Men","High",894.379968315363,47.0226192325354,20.5103340595961,4,"Africa",5.25756623564661,43.6180170189345,0.643500000238419
"305","Togo","Men","Low",624.376908332109,28.3862229585648,18.5214940309525,4,"Africa",4.54632812004412,65.2481806332184,0.643500000238419
"306","Togo","Women","High",1356.040626809,56.3085629940032,19.0228971242905,4,"Africa",4.15242448351323,33.7833112990583,0.643500000238419
"307","Togo","Women","Low",1649.91395612061,29.7101496756076,6.24909400939941,4,"Africa",1.80070903487986,21.0335325726413,0.643500000238419
"308","Turkey","Men","High",109.468192100525,1.40160602331161,0,4,"Europe & North America",1.28037742874616,0,0.487499982118607
"309","Turkey","Men","Low",176.623278260231,5.90279605984688,0,4,"Europe & North America",3.34202610097062,0,0.487499982118607
"310","Turkey","Women","High",182.104688584805,16.9200498759747,11.1083649098873,4,"Europe & North America",9.29138618421411,65.6520813550344,0.487499982118607
"311","Turkey","Women","Low",679.616511464119,33.8324328958988,9.92744609713554,4,"Europe & North America",4.97816523365692,29.3429861449277,0.487499982118607
"312","Uganda","Men","High",532.036295562982,5.56276807188988,5.56276807188988,4,"Africa",1.04556176303791,100,0.600499987602234
"313","Uganda","Men","Low",888.220751371235,28.1724589765072,11.1163820922375,4,"Africa",3.17178572252614,39.4583309235,0.600499987602234
"314","Uganda","Women","High",2004.43859946728,45.8400654494763,15.9584740400314,4,"Africa",2.28692789400779,34.8133753378263,0.600499987602234
"315","Uganda","Women","Low",2101.04837325216,38.0956657230854,9.08278280496597,4,"Africa",1.81317413763864,23.8420372306604,0.600499987602234
"316","Ukraine","Men","High",708.022591239135,79.269922185234,17.8031841527039,4,"FSU",11.1959594462235,22.4589398625904,0.340999990701675
"317","Ukraine","Men","Low",783.235658740924,121.340630259983,55.6389697341088,4,"FSU",15.4922249652221,45.8535361279213,0.340999990701675
"318","Ukraine","Women","High",1826.53752824514,121.49892530191,32.8917349909547,4,"FSU",6.6518712823076,27.0716262791813,0.340999990701675
"319","Ukraine","Women","Low",1197.06984067722,78.231976985247,28.2441649961483,4,"FSU",6.53528928111569,36.1030950316833,0.340999990701675
"320","Zambia","Men","High",1297.08632896841,27.2484379038215,16.9634839594364,4,"Africa",2.1007420474081,62.2548860206675,0.617000013589859
"321","Zambia","Men","Low",1830.07897341997,56.4370330125093,38.797609090805,4,"Africa",3.08385779150516,68.744948165871,0.617000013589859
"322","Zambia","Women","High",1529.39493639767,39.1219328939915,19.4088760614395,4,"Africa",2.55800068137659,49.6112401041933,0.617000013589859
"323","Zambia","Women","Low",974.046320494264,10.9693988263607,1.36376601457596,4,"Africa",1.12616808826858,12.4324590268217,0.617000013589859
"324","Zimbabwe","Men","High",1451.10559418797,54.0366519615055,22.8429058566689,4,"Africa",3.72382631408323,42.2729851452338,0.608500003814697
"325","Zimbabwe","Men","Low",1042.34961371124,47.8174300193787,16.9508890807629,4,"Africa",4.58746560562602,35.449184688289,0.608500003814697
"326","Zimbabwe","Women","High",1258.11282037944,54.8886318951845,27.144070982933,4,"Africa",4.36277502351741,49.4529924425288,0.608500003814697
"327","Zimbabwe","Women","Low",1296.242433168,31.9695160239935,12.0294498056173,4,"Africa",2.46632228709413,37.6278758695911,0.608500003814697
