"","country","sex","bc_cate","edu_cate","TotalN","ChildlessN","NeverInUnionN"
"1","Bulgaria","Men","1919","Medium",1,NA,NA
"2","Bulgaria","Men","1920-1924","Low",3,NA,NA
"3","Bulgaria","Men","1920-1924","Medium",3,NA,NA
"4","Bulgaria","Men","1920-1924","High",2,NA,NA
"5","Bulgaria","Men","1925-1929","Low",142,18,12
"6","Bulgaria","Men","1925-1929","Medium",51,6,6
"7","Bulgaria","Men","1925-1929","High",42,4,4
"8","Bulgaria","Men","1930-1934","Low",159,6,6
"9","Bulgaria","Men","1930-1934","Medium",77,6,5
"10","Bulgaria","Men","1930-1934","High",58,3,2
"11","Bulgaria","Men","1935-1939","Low",170,15,11
"12","Bulgaria","Men","1935-1939","Medium",104,7,5
"13","Bulgaria","Men","1935-1939","High",78,3,2
"14","Bulgaria","Men","1940-1944","Low",154,19,16
"15","Bulgaria","Men","1940-1944","Medium",151,10,10
"16","Bulgaria","Men","1940-1944","High",67,9,9
"17","Bulgaria","Men","1945-1949","Low",133,15,12
"18","Bulgaria","Men","1945-1949","Medium",230,15,13
"19","Bulgaria","Men","1945-1949","High",66,3,3
"20","Bulgaria","Men","1945-1949",NA,1,NA,NA
"21","Bulgaria","Men","1950-1954","Low",98,15,14
"22","Bulgaria","Men","1950-1954","Medium",242,20,15
"23","Bulgaria","Men","1950-1954","High",95,15,11
"24","Bulgaria","Men","1955-1959","Low",88,12,11
"25","Bulgaria","Men","1955-1959","Medium",240,35,35
"26","Bulgaria","Men","1955-1959","High",83,6,6
"27","Bulgaria","Men","1955-1959",NA,1,NA,NA
"28","Bulgaria","Men","1960-1964","Low",128,11,8
"29","Bulgaria","Men","1960-1964","Medium",398,57,43
"30","Bulgaria","Men","1960-1964","High",86,20,17
"31","Bulgaria","Men","1960-1964",NA,1,NA,NA
"32","Bulgaria","Men","1965-1969","Low",130,26,22
"33","Bulgaria","Men","1965-1969","Medium",385,84,78
"34","Bulgaria","Men","1965-1969","High",89,24,20
"35","Bulgaria","Women","1920-1924","Low",3,NA,NA
"36","Bulgaria","Women","1920-1924","Medium",3,NA,NA
"37","Bulgaria","Women","1925-1929","Low",106,14,6
"38","Bulgaria","Women","1925-1929","Medium",21,2,1
"39","Bulgaria","Women","1925-1929","High",13,1,1
"40","Bulgaria","Women","1930-1934","Low",227,18,6
"41","Bulgaria","Women","1930-1934","Medium",101,5,3
"42","Bulgaria","Women","1930-1934","High",31,6,3
"43","Bulgaria","Women","1935-1939","Low",198,15,8
"44","Bulgaria","Women","1935-1939","Medium",117,6,2
"45","Bulgaria","Women","1935-1939","High",51,9,7
"46","Bulgaria","Women","1940-1944","Low",180,7,5
"47","Bulgaria","Women","1940-1944","Medium",133,7,6
"48","Bulgaria","Women","1940-1944","High",69,8,4
"49","Bulgaria","Women","1945-1949","Low",137,3,3
"50","Bulgaria","Women","1945-1949","Medium",216,9,6
"51","Bulgaria","Women","1945-1949","High",105,14,10
"52","Bulgaria","Women","1950-1954","Low",110,5,2
"53","Bulgaria","Women","1950-1954","Medium",206,9,7
"54","Bulgaria","Women","1950-1954","High",109,13,11
"55","Bulgaria","Women","1950-1954",NA,1,NA,NA
"56","Bulgaria","Women","1955-1959","Low",94,7,4
"57","Bulgaria","Women","1955-1959","Medium",202,17,14
"58","Bulgaria","Women","1955-1959","High",114,10,10
"59","Bulgaria","Women","1955-1959",NA,1,NA,NA
"60","Bulgaria","Women","1960-1964","Low",157,7,5
"61","Bulgaria","Women","1960-1964","Medium",489,30,26
"62","Bulgaria","Women","1960-1964","High",246,24,20
"63","Bulgaria","Women","1965-1969","Low",143,12,10
"64","Bulgaria","Women","1965-1969","Medium",465,37,34
"65","Bulgaria","Women","1965-1969","High",232,39,35
"66","Bulgaria","Women","1965-1969",NA,3,1,1
"67","Russia","Men","1920-1924","Low",4,NA,NA
"68","Russia","Men","1920-1924","Medium",1,NA,NA
"69","Russia","Men","1920-1924","High",1,NA,NA
"70","Russia","Men","1920-1924",NA,1,NA,NA
"71","Russia","Men","1925-1929","Low",103,9,4
"72","Russia","Men","1925-1929","Medium",34,4,NA
"73","Russia","Men","1925-1929","High",29,1,NA
"74","Russia","Men","1925-1929",NA,10,2,2
"75","Russia","Men","1930-1934","Low",116,10,5
"76","Russia","Men","1930-1934","Medium",48,3,2
"77","Russia","Men","1930-1934","High",36,5,3
"78","Russia","Men","1930-1934",NA,10,NA,NA
"79","Russia","Men","1935-1939","Low",99,11,4
"80","Russia","Men","1935-1939","Medium",86,14,7
"81","Russia","Men","1935-1939","High",88,3,2
"82","Russia","Men","1935-1939",NA,14,1,NA
"83","Russia","Men","1940-1944","Low",55,5,2
"84","Russia","Men","1940-1944","Medium",69,6,5
"85","Russia","Men","1940-1944","High",64,4,2
"86","Russia","Men","1940-1944",NA,6,1,NA
"87","Russia","Men","1945-1949","Low",40,4,3
"88","Russia","Men","1945-1949","Medium",131,10,4
"89","Russia","Men","1945-1949","High",119,8,6
"90","Russia","Men","1945-1949",NA,26,4,3
"91","Russia","Men","1950-1954","Low",32,6,4
"92","Russia","Men","1950-1954","Medium",181,15,9
"93","Russia","Men","1950-1954","High",135,8,4
"94","Russia","Men","1950-1954",NA,32,2,1
"95","Russia","Men","1955-1959","Low",26,4,3
"96","Russia","Men","1955-1959","Medium",234,24,12
"97","Russia","Men","1955-1959","High",132,10,7
"98","Russia","Men","1955-1959",NA,24,4,3
"99","Russia","Men","1960-1964","Low",13,6,4
"100","Russia","Men","1960-1964","Medium",243,29,20
"101","Russia","Men","1960-1964","High",167,19,12
"102","Russia","Men","1960-1964",NA,36,4,2
"103","Russia","Men","1965-1969","Low",14,2,2
"104","Russia","Men","1965-1969","Medium",227,43,28
"105","Russia","Men","1965-1969","High",118,11,7
"106","Russia","Men","1965-1969",NA,24,2,1
"107","Russia","Women","1920-1924","Low",12,NA,NA
"108","Russia","Women","1920-1924","Medium",10,3,NA
"109","Russia","Women","1920-1924","High",5,1,1
"110","Russia","Women","1920-1924",NA,1,1,NA
"111","Russia","Women","1925-1929","Low",257,32,13
"112","Russia","Women","1925-1929","Medium",90,15,7
"113","Russia","Women","1925-1929","High",66,15,4
"114","Russia","Women","1925-1929",NA,6,1,1
"115","Russia","Women","1930-1934","Low",248,17,4
"116","Russia","Women","1930-1934","Medium",90,9,1
"117","Russia","Women","1930-1934","High",81,10,3
"118","Russia","Women","1930-1934",NA,11,2,2
"119","Russia","Women","1935-1939","Low",263,15,6
"120","Russia","Women","1935-1939","Medium",160,12,4
"121","Russia","Women","1935-1939","High",240,25,12
"122","Russia","Women","1935-1939",NA,20,2,1
"123","Russia","Women","1940-1944","Low",122,11,4
"124","Russia","Women","1940-1944","Medium",103,14,7
"125","Russia","Women","1940-1944","High",191,23,12
"126","Russia","Women","1940-1944",NA,14,3,NA
"127","Russia","Women","1945-1949","Low",70,4,1
"128","Russia","Women","1945-1949","Medium",199,17,9
"129","Russia","Women","1945-1949","High",226,21,13
"130","Russia","Women","1945-1949",NA,19,1,1
"131","Russia","Women","1950-1954","Low",65,6,1
"132","Russia","Women","1950-1954","Medium",295,16,7
"133","Russia","Women","1950-1954","High",341,18,13
"134","Russia","Women","1950-1954",NA,42,6,3
"135","Russia","Women","1955-1959","Low",23,1,NA
"136","Russia","Women","1955-1959","Medium",319,20,10
"137","Russia","Women","1955-1959","High",349,32,20
"138","Russia","Women","1955-1959",NA,58,3,1
"139","Russia","Women","1960-1964","Low",19,2,1
"140","Russia","Women","1960-1964","Medium",310,20,11
"141","Russia","Women","1960-1964","High",346,20,12
"142","Russia","Women","1960-1964",NA,46,4,4
"143","Russia","Women","1965-1969","Low",14,1,1
"144","Russia","Women","1965-1969","Medium",231,12,6
"145","Russia","Women","1965-1969","High",231,27,16
"146","Russia","Women","1965-1969",NA,28,2,NA
"147","Georgia","Men","1925-1929","Low",48,3,3
"148","Georgia","Men","1925-1929","Medium",50,NA,NA
"149","Georgia","Men","1925-1929","High",23,2,1
"150","Georgia","Men","1930-1934","Low",100,6,5
"151","Georgia","Men","1930-1934","Medium",53,NA,NA
"152","Georgia","Men","1930-1934","High",39,2,2
"153","Georgia","Men","1935-1939","Low",89,6,6
"154","Georgia","Men","1935-1939","Medium",154,7,6
"155","Georgia","Men","1935-1939","High",74,8,7
"156","Georgia","Men","1940-1944","Low",46,6,3
"157","Georgia","Men","1940-1944","Medium",116,5,5
"158","Georgia","Men","1940-1944","High",56,4,4
"159","Georgia","Men","1945-1949","Low",23,2,1
"160","Georgia","Men","1945-1949","Medium",147,11,10
"161","Georgia","Men","1945-1949","High",88,NA,NA
"162","Georgia","Men","1950-1954","Low",25,2,2
"163","Georgia","Men","1950-1954","Medium",202,11,11
"164","Georgia","Men","1950-1954","High",110,7,7
"165","Georgia","Men","1955-1959","Low",15,NA,NA
"166","Georgia","Men","1955-1959","Medium",288,22,21
"167","Georgia","Men","1955-1959","High",154,16,16
"168","Georgia","Men","1960-1964","Low",20,4,3
"169","Georgia","Men","1960-1964","Medium",321,34,33
"170","Georgia","Men","1960-1964","High",128,17,16
"171","Georgia","Men","1965-1969","Low",16,6,6
"172","Georgia","Men","1965-1969","Medium",304,45,43
"173","Georgia","Men","1965-1969","High",130,26,25
"174","Georgia","Men","1970-1974","Low",3,NA,NA
"175","Georgia","Men","1970-1974","Medium",65,21,20
"176","Georgia","Men","1970-1974","High",42,16,15
"177","Georgia","Women","1925-1929","Low",103,13,10
"178","Georgia","Women","1925-1929","Medium",84,14,12
"179","Georgia","Women","1925-1929","High",31,10,6
"180","Georgia","Women","1930-1934","Low",141,11,9
"181","Georgia","Women","1930-1934","Medium",120,20,12
"182","Georgia","Women","1930-1934","High",39,6,4
"183","Georgia","Women","1935-1939","Low",139,17,14
"184","Georgia","Women","1935-1939","Medium",203,19,11
"185","Georgia","Women","1935-1939","High",87,16,14
"186","Georgia","Women","1940-1944","Low",73,7,4
"187","Georgia","Women","1940-1944","Medium",197,24,17
"188","Georgia","Women","1940-1944","High",73,15,15
"189","Georgia","Women","1945-1949","Low",55,7,5
"190","Georgia","Women","1945-1949","Medium",199,14,13
"191","Georgia","Women","1945-1949","High",121,21,18
"192","Georgia","Women","1950-1954","Low",51,6,6
"193","Georgia","Women","1950-1954","Medium",306,26,21
"194","Georgia","Women","1950-1954","High",118,19,18
"195","Georgia","Women","1955-1959","Low",32,2,2
"196","Georgia","Women","1955-1959","Medium",356,31,31
"197","Georgia","Women","1955-1959","High",156,17,16
"198","Georgia","Women","1960-1964","Low",31,2,2
"199","Georgia","Women","1960-1964","Medium",415,44,39
"200","Georgia","Women","1960-1964","High",180,32,31
"201","Georgia","Women","1965-1969","Low",23,3,3
"202","Georgia","Women","1965-1969","Medium",345,37,33
"203","Georgia","Women","1965-1969","High",152,37,36
"204","Georgia","Women","1970-1974","Low",16,NA,NA
"205","Georgia","Women","1970-1974","Medium",101,12,11
"206","Georgia","Women","1970-1974","High",57,11,10
"207","Germany","Men","1925-1929","Low",23,10,6
"208","Germany","Men","1925-1929","Medium",92,19,15
"209","Germany","Men","1925-1929","High",80,11,8
"210","Germany","Men","1925-1929",NA,7,NA,NA
"211","Germany","Men","1930-1934","Low",24,9,8
"212","Germany","Men","1930-1934","Medium",136,33,28
"213","Germany","Men","1930-1934","High",97,15,15
"214","Germany","Men","1930-1934",NA,7,1,NA
"215","Germany","Men","1935-1939","Low",38,14,12
"216","Germany","Men","1935-1939","Medium",208,56,39
"217","Germany","Men","1935-1939","High",146,28,20
"218","Germany","Men","1935-1939",NA,6,1,1
"219","Germany","Men","1940-1944","Low",39,14,10
"220","Germany","Men","1940-1944","Medium",238,62,43
"221","Germany","Men","1940-1944","High",166,39,28
"222","Germany","Men","1940-1944",NA,9,1,1
"223","Germany","Men","1945-1949","Low",16,9,8
"224","Germany","Men","1945-1949","Medium",191,43,33
"225","Germany","Men","1945-1949","High",142,32,18
"226","Germany","Men","1945-1949",NA,3,NA,NA
"227","Germany","Men","1950-1954","Low",25,7,6
"228","Germany","Men","1950-1954","Medium",233,69,49
"229","Germany","Men","1950-1954","High",134,27,17
"230","Germany","Men","1950-1954",NA,4,1,1
"231","Germany","Men","1955-1959","Low",21,7,5
"232","Germany","Men","1955-1959","Medium",230,58,38
"233","Germany","Men","1955-1959","High",162,32,21
"234","Germany","Men","1955-1959",NA,4,NA,NA
"235","Germany","Men","1960-1964","Low",30,10,8
"236","Germany","Men","1960-1964","Medium",302,88,59
"237","Germany","Men","1960-1964","High",180,44,31
"238","Germany","Men","1960-1964",NA,9,5,2
"239","Germany","Men","1965-1969","Low",41,15,10
"240","Germany","Men","1965-1969","Medium",272,102,72
"241","Germany","Men","1965-1969","High",127,52,31
"242","Germany","Men","1965-1969",NA,7,3,3
"243","Germany","Men","1970-1974","Low",3,NA,NA
"244","Germany","Men","1970-1974","Medium",29,14,11
"245","Germany","Men","1970-1974","High",8,4,3
"246","Germany","Women","1920-1924","Medium",1,NA,NA
"247","Germany","Women","1925-1929","Low",102,31,24
"248","Germany","Women","1925-1929","Medium",115,29,21
"249","Germany","Women","1925-1929","High",28,14,10
"250","Germany","Women","1925-1929",NA,2,NA,NA
"251","Germany","Women","1930-1934","Low",117,27,18
"252","Germany","Women","1930-1934","Medium",132,29,17
"253","Germany","Women","1930-1934","High",42,12,9
"254","Germany","Women","1930-1934",NA,2,NA,NA
"255","Germany","Women","1935-1939","Low",101,19,12
"256","Germany","Women","1935-1939","Medium",228,55,42
"257","Germany","Women","1935-1939","High",47,6,3
"258","Germany","Women","1935-1939",NA,5,1,NA
"259","Germany","Women","1940-1944","Low",66,17,9
"260","Germany","Women","1940-1944","Medium",249,44,29
"261","Germany","Women","1940-1944","High",74,17,12
"262","Germany","Women","1940-1944",NA,7,1,1
"263","Germany","Women","1945-1949","Low",52,13,11
"264","Germany","Women","1945-1949","Medium",219,46,30
"265","Germany","Women","1945-1949","High",75,14,9
"266","Germany","Women","1945-1949",NA,10,3,1
"267","Germany","Women","1950-1954","Low",48,8,5
"268","Germany","Women","1950-1954","Medium",269,51,35
"269","Germany","Women","1950-1954","High",129,19,10
"270","Germany","Women","1950-1954",NA,6,2,1
"271","Germany","Women","1955-1959","Low",48,6,5
"272","Germany","Women","1955-1959","Medium",351,42,24
"273","Germany","Women","1955-1959","High",163,27,13
"274","Germany","Women","1955-1959",NA,9,3,1
"275","Germany","Women","1960-1964","Low",63,9,6
"276","Germany","Women","1960-1964","Medium",401,47,28
"277","Germany","Women","1960-1964","High",173,27,17
"278","Germany","Women","1960-1964",NA,7,1,1
"279","Germany","Women","1965-1969","Low",73,10,5
"280","Germany","Women","1965-1969","Medium",381,52,35
"281","Germany","Women","1965-1969","High",177,32,17
"282","Germany","Women","1965-1969",NA,10,4,4
"283","Germany","Women","1970-1974","Low",7,1,1
"284","Germany","Women","1970-1974","Medium",34,8,7
"285","Germany","Women","1970-1974","High",16,3,3
"286","France","Men","1925-1929","Low",130,29,20
"287","France","Men","1925-1929","Medium",31,5,4
"288","France","Men","1925-1929","High",22,3,1
"289","France","Men","1930-1934","Low",157,28,21
"290","France","Men","1930-1934","Medium",85,12,10
"291","France","Men","1930-1934","High",28,NA,NA
"292","France","Men","1935-1939","Low",137,16,11
"293","France","Men","1935-1939","Medium",114,18,12
"294","France","Men","1935-1939","High",43,4,2
"295","France","Men","1940-1944","Low",139,24,19
"296","France","Men","1940-1944","Medium",116,20,11
"297","France","Men","1940-1944","High",65,7,5
"298","France","Men","1945-1949","Low",160,23,16
"299","France","Men","1945-1949","Medium",178,24,18
"300","France","Men","1945-1949","High",98,13,6
"301","France","Men","1950-1954","Low",127,16,10
"302","France","Men","1950-1954","Medium",196,29,15
"303","France","Men","1950-1954","High",85,13,5
"304","France","Men","1955-1959","Low",122,32,19
"305","France","Men","1955-1959","Medium",172,34,20
"306","France","Men","1955-1959","High",109,28,15
"307","France","Men","1960-1964","Low",95,30,20
"308","France","Men","1960-1964","Medium",218,49,21
"309","France","Men","1960-1964","High",101,23,8
"310","France","Men","1965-1969","Low",87,19,15
"311","France","Men","1965-1969","Medium",248,47,28
"312","France","Men","1965-1969","High",135,32,15
"313","France","Men","1970-1974","Low",10,5,5
"314","France","Men","1970-1974","Medium",45,6,4
"315","France","Men","1970-1974","High",29,12,6
"316","France","Women","1925-1929","Low",193,33,17
"317","France","Women","1925-1929","Medium",46,12,7
"318","France","Women","1925-1929","High",11,5,3
"319","France","Women","1930-1934","Low",261,30,21
"320","France","Women","1930-1934","Medium",41,11,4
"321","France","Women","1930-1934","High",26,5,4
"322","France","Women","1935-1939","Low",245,27,15
"323","France","Women","1935-1939","Medium",87,7,5
"324","France","Women","1935-1939","High",43,9,7
"325","France","Women","1940-1944","Low",189,17,12
"326","France","Women","1940-1944","Medium",128,22,13
"327","France","Women","1940-1944","High",50,10,5
"328","France","Women","1945-1949","Low",230,19,13
"329","France","Women","1945-1949","Medium",189,28,20
"330","France","Women","1945-1949","High",95,27,15
"331","France","Women","1950-1954","Low",215,24,16
"332","France","Women","1950-1954","Medium",207,26,20
"333","France","Women","1950-1954","High",126,21,11
"334","France","Women","1955-1959","Low",178,19,10
"335","France","Women","1955-1959","Medium",202,30,15
"336","France","Women","1955-1959","High",160,32,16
"337","France","Women","1960-1964","Low",134,9,5
"338","France","Women","1960-1964","Medium",215,38,23
"339","France","Women","1960-1964","High",172,31,12
"340","France","Women","1965-1969","Low",108,14,9
"341","France","Women","1965-1969","Medium",272,34,24
"342","France","Women","1965-1969","High",193,43,23
"343","France","Women","1970-1974","Low",17,3,3
"344","France","Women","1970-1974","Medium",40,3,2
"345","France","Women","1970-1974","High",46,7,4
"346","Hungary","Men","1925-1929","Low",81,5,2
"347","Hungary","Men","1925-1929","Medium",74,14,7
"348","Hungary","Men","1925-1929","High",36,2,1
"349","Hungary","Men","1930-1934","Low",140,12,8
"350","Hungary","Men","1930-1934","Medium",135,22,17
"351","Hungary","Men","1930-1934","High",53,5,5
"352","Hungary","Men","1935-1939","Low",131,15,8
"353","Hungary","Men","1935-1939","Medium",187,11,7
"354","Hungary","Men","1935-1939","High",56,7,1
"355","Hungary","Men","1940-1944","Low",114,12,8
"356","Hungary","Men","1940-1944","Medium",269,29,19
"357","Hungary","Men","1940-1944","High",100,11,8
"358","Hungary","Men","1945-1949","Low",90,13,9
"359","Hungary","Men","1945-1949","Medium",348,31,19
"360","Hungary","Men","1945-1949","High",92,10,8
"361","Hungary","Men","1950-1954","Low",101,14,12
"362","Hungary","Men","1950-1954","Medium",425,42,28
"363","Hungary","Men","1950-1954","High",92,3,2
"364","Hungary","Men","1955-1959","Low",98,27,24
"365","Hungary","Men","1955-1959","Medium",411,54,36
"366","Hungary","Men","1955-1959","High",83,7,6
"367","Hungary","Men","1960-1964","Low",58,11,9
"368","Hungary","Men","1960-1964","Medium",338,63,42
"369","Hungary","Men","1960-1964","High",67,11,5
"370","Hungary","Men","1965-1969","Low",67,19,17
"371","Hungary","Men","1965-1969","Medium",358,72,54
"372","Hungary","Men","1965-1969","High",88,24,18
"373","Hungary","Men","1970-1974","Low",1,NA,NA
"374","Hungary","Men","1970-1974","Medium",3,NA,NA
"375","Hungary","Women","1925-1929","Low",254,38,11
"376","Hungary","Women","1925-1929","Medium",91,20,9
"377","Hungary","Women","1925-1929","High",15,3,NA
"378","Hungary","Women","1930-1934","Low",353,31,15
"379","Hungary","Women","1930-1934","Medium",126,19,7
"380","Hungary","Women","1930-1934","High",36,5,4
"381","Hungary","Women","1935-1939","Low",333,27,9
"382","Hungary","Women","1935-1939","Medium",225,27,12
"383","Hungary","Women","1935-1939","High",50,10,5
"384","Hungary","Women","1940-1944","Low",277,22,9
"385","Hungary","Women","1940-1944","Medium",288,28,10
"386","Hungary","Women","1940-1944","High",80,11,6
"387","Hungary","Women","1945-1949","Low",235,16,8
"388","Hungary","Women","1945-1949","Medium",361,35,21
"389","Hungary","Women","1945-1949","High",99,12,7
"390","Hungary","Women","1950-1954","Low",224,12,9
"391","Hungary","Women","1950-1954","Medium",419,39,23
"392","Hungary","Women","1950-1954","High",126,13,6
"393","Hungary","Women","1955-1959","Low",174,11,6
"394","Hungary","Women","1955-1959","Medium",405,30,21
"395","Hungary","Women","1955-1959","High",130,15,10
"396","Hungary","Women","1960-1964","Low",114,6,4
"397","Hungary","Women","1960-1964","Medium",347,18,10
"398","Hungary","Women","1960-1964","High",123,10,6
"399","Hungary","Women","1965-1969","Low",83,11,8
"400","Hungary","Women","1965-1969","Medium",373,34,21
"401","Hungary","Women","1965-1969","High",132,18,11
"402","Hungary","Women","1970-1974","Medium",1,NA,NA
"403","Hungary","Women","1970-1974","High",1,NA,NA
"404","Italy","Men","1935-1939","Low",89,11,10
"405","Italy","Men","1935-1939","Medium",23,2,1
"406","Italy","Men","1935-1939","High",6,1,1
"407","Italy","Men","1940-1944","Low",329,55,50
"408","Italy","Men","1940-1944","Medium",103,15,12
"409","Italy","Men","1940-1944","High",22,4,4
"410","Italy","Men","1945-1949","Low",323,59,50
"411","Italy","Men","1945-1949","Medium",140,28,23
"412","Italy","Men","1945-1949","High",59,11,9
"413","Italy","Men","1950-1954","Low",243,61,54
"414","Italy","Men","1950-1954","Medium",167,45,37
"415","Italy","Men","1950-1954","High",61,14,11
"416","Italy","Men","1955-1959","Low",273,56,52
"417","Italy","Men","1955-1959","Medium",219,45,34
"418","Italy","Men","1955-1959","High",83,23,16
"419","Italy","Men","1960-1964","Low",279,93,85
"420","Italy","Men","1960-1964","Medium",270,70,59
"421","Italy","Men","1960-1964","High",72,28,17
"422","Italy","Men","1965-1969","Low",202,75,68
"423","Italy","Men","1965-1969","Medium",179,72,62
"424","Italy","Men","1965-1969","High",62,30,30
"425","Italy","Women","1935-1939","Low",157,23,10
"426","Italy","Women","1935-1939","Medium",18,4,1
"427","Italy","Women","1935-1939","High",12,1,NA
"428","Italy","Women","1940-1944","Low",576,45,20
"429","Italy","Women","1940-1944","Medium",107,22,14
"430","Italy","Women","1940-1944","High",34,11,6
"431","Italy","Women","1945-1949","Low",436,59,34
"432","Italy","Women","1945-1949","Medium",139,26,17
"433","Italy","Women","1945-1949","High",50,18,7
"434","Italy","Women","1950-1954","Low",309,38,19
"435","Italy","Women","1950-1954","Medium",156,41,22
"436","Italy","Women","1950-1954","High",58,11,8
"437","Italy","Women","1955-1959","Low",237,32,14
"438","Italy","Women","1955-1959","Medium",238,41,16
"439","Italy","Women","1955-1959","High",84,31,15
"440","Italy","Women","1960-1964","Low",274,42,25
"441","Italy","Women","1960-1964","Medium",305,70,34
"442","Italy","Women","1960-1964","High",75,27,17
"443","Italy","Women","1965-1969","Low",195,39,27
"444","Italy","Women","1965-1969","Medium",273,78,42
"445","Italy","Women","1965-1969","High",87,40,19
"446","Netherlands","Men","1920-1924","Low",20,2,1
"447","Netherlands","Men","1920-1924","Medium",9,2,2
"448","Netherlands","Men","1920-1924","High",7,NA,NA
"449","Netherlands","Men","1925-1929","Low",64,6,5
"450","Netherlands","Men","1925-1929","Medium",31,5,3
"451","Netherlands","Men","1925-1929","High",39,3,1
"452","Netherlands","Men","1930-1934","Low",78,9,8
"453","Netherlands","Men","1930-1934","Medium",38,5,5
"454","Netherlands","Men","1930-1934","High",50,5,2
"455","Netherlands","Men","1935-1939","Low",109,16,10
"456","Netherlands","Men","1935-1939","Medium",54,6,5
"457","Netherlands","Men","1935-1939","High",80,6,4
"458","Netherlands","Men","1940-1944","Low",99,14,13
"459","Netherlands","Men","1940-1944","Medium",59,10,7
"460","Netherlands","Men","1940-1944","High",112,19,6
"461","Netherlands","Men","1945-1949","Low",121,16,11
"462","Netherlands","Men","1945-1949","Medium",81,19,13
"463","Netherlands","Men","1945-1949","High",153,34,24
"464","Netherlands","Men","1945-1949",NA,1,1,1
"465","Netherlands","Men","1950-1954","Low",133,37,24
"466","Netherlands","Men","1950-1954","Medium",93,20,9
"467","Netherlands","Men","1950-1954","High",170,44,25
"468","Netherlands","Men","1950-1954",NA,1,NA,NA
"469","Netherlands","Men","1955-1959","Low",100,26,17
"470","Netherlands","Men","1955-1959","Medium",111,23,12
"471","Netherlands","Men","1955-1959","High",151,35,20
"472","Netherlands","Men","1955-1959",NA,1,1,1
"473","Netherlands","Men","1960-1964","Low",110,33,17
"474","Netherlands","Men","1960-1964","Medium",143,43,22
"475","Netherlands","Men","1960-1964","High",153,52,34
"476","Netherlands","Men","1960-1964",NA,1,1,1
"477","Netherlands","Men","1965-1969","Low",63,29,18
"478","Netherlands","Men","1965-1969","Medium",84,29,17
"479","Netherlands","Men","1965-1969","High",86,38,25
"480","Netherlands","Men","1965-1969",NA,1,1,1
"481","Netherlands","Women","1920-1924","Low",44,8,2
"482","Netherlands","Women","1920-1924","Medium",12,3,3
"483","Netherlands","Women","1920-1924","High",8,3,2
"484","Netherlands","Women","1920-1924",NA,1,NA,NA
"485","Netherlands","Women","1925-1929","Low",150,17,8
"486","Netherlands","Women","1925-1929","Medium",38,9,6
"487","Netherlands","Women","1925-1929","High",19,9,5
"488","Netherlands","Women","1930-1934","Low",174,28,16
"489","Netherlands","Women","1930-1934","Medium",52,9,7
"490","Netherlands","Women","1930-1934","High",41,11,8
"491","Netherlands","Women","1935-1939","Low",159,11,6
"492","Netherlands","Women","1935-1939","Medium",39,2,1
"493","Netherlands","Women","1935-1939","High",56,11,9
"494","Netherlands","Women","1935-1939",NA,1,NA,NA
"495","Netherlands","Women","1940-1944","Low",186,13,9
"496","Netherlands","Women","1940-1944","Medium",80,9,4
"497","Netherlands","Women","1940-1944","High",69,21,17
"498","Netherlands","Women","1945-1949","Low",247,24,16
"499","Netherlands","Women","1945-1949","Medium",79,8,5
"500","Netherlands","Women","1945-1949","High",107,37,21
"501","Netherlands","Women","1945-1949",NA,1,NA,NA
"502","Netherlands","Women","1950-1954","Low",201,28,14
"503","Netherlands","Women","1950-1954","Medium",119,23,12
"504","Netherlands","Women","1950-1954","High",144,47,24
"505","Netherlands","Women","1950-1954",NA,2,NA,NA
"506","Netherlands","Women","1955-1959","Low",144,15,5
"507","Netherlands","Women","1955-1959","Medium",149,31,20
"508","Netherlands","Women","1955-1959","High",168,41,18
"509","Netherlands","Women","1960-1964","Low",191,20,12
"510","Netherlands","Women","1960-1964","Medium",222,40,23
"511","Netherlands","Women","1960-1964","High",188,55,32
"512","Netherlands","Women","1960-1964",NA,1,1,1
"513","Netherlands","Women","1965-1969","Low",95,9,5
"514","Netherlands","Women","1965-1969","Medium",173,37,24
"515","Netherlands","Women","1965-1969","High",140,29,16
"516","Netherlands","Women","1965-1969",NA,1,NA,NA
"517","Romania","Men","1925-1929","Low",179,22,17
"518","Romania","Men","1925-1929","Medium",52,11,6
"519","Romania","Men","1925-1929","High",16,4,4
"520","Romania","Men","1930-1934","Low",257,38,31
"521","Romania","Men","1930-1934","Medium",102,16,10
"522","Romania","Men","1930-1934","High",21,4,2
"523","Romania","Men","1935-1939","Low",241,40,30
"524","Romania","Men","1935-1939","Medium",173,24,18
"525","Romania","Men","1935-1939","High",38,6,4
"526","Romania","Men","1940-1944","Low",206,34,26
"527","Romania","Men","1940-1944","Medium",177,42,32
"528","Romania","Men","1940-1944","High",39,8,5
"529","Romania","Men","1945-1949","Low",191,31,25
"530","Romania","Men","1945-1949","Medium",318,47,37
"531","Romania","Men","1945-1949","High",53,12,9
"532","Romania","Men","1950-1954","Low",154,32,23
"533","Romania","Men","1950-1954","Medium",402,52,46
"534","Romania","Men","1950-1954","High",103,15,13
"535","Romania","Men","1955-1959","Low",104,30,26
"536","Romania","Men","1955-1959","Medium",409,69,59
"537","Romania","Men","1955-1959","High",53,6,5
"538","Romania","Men","1960-1964","Low",99,20,16
"539","Romania","Men","1960-1964","Medium",337,51,36
"540","Romania","Men","1960-1964","High",66,11,11
"541","Romania","Men","1965-1969","Low",122,30,29
"542","Romania","Men","1965-1969","Medium",477,87,75
"543","Romania","Men","1965-1969","High",62,11,10
"544","Romania","Men","1970-1974","Low",27,12,12
"545","Romania","Men","1970-1974","Medium",91,29,27
"546","Romania","Men","1970-1974","High",18,4,4
"547","Romania","Women","1925-1929","Low",241,38,17
"548","Romania","Women","1925-1929","Medium",32,10,7
"549","Romania","Women","1925-1929","High",8,1,1
"550","Romania","Women","1930-1934","Low",400,58,29
"551","Romania","Women","1930-1934","Medium",80,17,8
"552","Romania","Women","1930-1934","High",11,3,2
"553","Romania","Women","1935-1939","Low",464,55,38
"554","Romania","Women","1935-1939","Medium",89,17,7
"555","Romania","Women","1935-1939","High",27,10,5
"556","Romania","Women","1940-1944","Low",339,35,21
"557","Romania","Women","1940-1944","Medium",106,21,16
"558","Romania","Women","1940-1944","High",23,4,4
"559","Romania","Women","1945-1949","Low",322,33,24
"560","Romania","Women","1945-1949","Medium",186,27,16
"561","Romania","Women","1945-1949","High",50,10,6
"562","Romania","Women","1950-1954","Low",346,30,19
"563","Romania","Women","1950-1954","Medium",261,23,16
"564","Romania","Women","1950-1954","High",50,9,7
"565","Romania","Women","1955-1959","Low",197,15,13
"566","Romania","Women","1955-1959","Medium",305,30,25
"567","Romania","Women","1955-1959","High",54,7,4
"568","Romania","Women","1960-1964","Low",105,10,10
"569","Romania","Women","1960-1964","Medium",250,18,16
"570","Romania","Women","1960-1964","High",55,7,4
"571","Romania","Women","1965-1969","Low",185,18,15
"572","Romania","Women","1965-1969","Medium",380,35,27
"573","Romania","Women","1965-1969","High",75,17,14
"574","Romania","Women","1970-1974","Low",26,2,2
"575","Romania","Women","1970-1974","Medium",78,6,5
"576","Romania","Women","1970-1974","High",14,3,3
"577","Austria","Men","1960-1964","Low",15,2,1
"578","Austria","Men","1960-1964","Medium",102,23,14
"579","Austria","Men","1960-1964","High",27,5,3
"580","Austria","Men","1965-1969","Low",39,14,6
"581","Austria","Men","1965-1969","Medium",325,68,36
"582","Austria","Men","1965-1969","High",97,30,16
"583","Austria","Men","1970-1974","Low",14,5,5
"584","Austria","Men","1970-1974","Medium",219,79,38
"585","Austria","Men","1970-1974","High",68,25,16
"586","Austria","Women","1960-1964","Low",44,6,4
"587","Austria","Women","1960-1964","Medium",127,15,9
"588","Austria","Women","1960-1964","High",32,10,8
"589","Austria","Women","1965-1969","Low",120,16,8
"590","Austria","Women","1965-1969","Medium",448,70,33
"591","Austria","Women","1965-1969","High",144,35,16
"592","Austria","Women","1970-1974","Low",65,2,1
"593","Austria","Women","1970-1974","Medium",323,61,27
"594","Austria","Women","1970-1974","High",78,28,10
"595","Estonia","Men","1920-1924","Low",5,1,NA
"596","Estonia","Men","1920-1924","Medium",2,NA,NA
"597","Estonia","Men","1920-1924","High",4,NA,NA
"598","Estonia","Men","1925-1929","Low",64,8,7
"599","Estonia","Men","1925-1929","Medium",24,3,1
"600","Estonia","Men","1925-1929","High",19,2,1
"601","Estonia","Men","1930-1934","Low",99,15,9
"602","Estonia","Men","1930-1934","Medium",44,3,3
"603","Estonia","Men","1930-1934","High",35,3,3
"604","Estonia","Men","1935-1939","Low",99,15,10
"605","Estonia","Men","1935-1939","Medium",57,1,NA
"606","Estonia","Men","1935-1939","High",56,7,4
"607","Estonia","Men","1940-1944","Low",79,14,12
"608","Estonia","Men","1940-1944","Medium",67,7,5
"609","Estonia","Men","1940-1944","High",60,2,1
"610","Estonia","Men","1945-1949","Low",79,10,4
"611","Estonia","Men","1945-1949","Medium",105,9,5
"612","Estonia","Men","1945-1949","High",72,3,1
"613","Estonia","Men","1950-1954","Low",55,15,11
"614","Estonia","Men","1950-1954","Medium",109,7,5
"615","Estonia","Men","1950-1954","High",64,5,2
"616","Estonia","Men","1955-1959","Low",47,9,6
"617","Estonia","Men","1955-1959","Medium",187,18,9
"618","Estonia","Men","1955-1959","High",65,2,1
"619","Estonia","Men","1960-1964","Low",24,5,3
"620","Estonia","Men","1960-1964","Medium",158,19,13
"621","Estonia","Men","1960-1964","High",62,9,6
"622","Estonia","Men","1965-1969","Low",25,4,4
"623","Estonia","Men","1965-1969","Medium",191,37,25
"624","Estonia","Men","1965-1969","High",40,4,2
"625","Estonia","Men","1970-1974","Medium",16,2,2
"626","Estonia","Men","1970-1974","High",1,NA,NA
"627","Estonia","Women","1920-1924","Low",29,6,NA
"628","Estonia","Women","1920-1924","Medium",6,NA,NA
"629","Estonia","Women","1920-1924","High",5,1,NA
"630","Estonia","Women","1925-1929","Low",178,26,9
"631","Estonia","Women","1925-1929","Medium",76,12,4
"632","Estonia","Women","1925-1929","High",49,7,5
"633","Estonia","Women","1930-1934","Low",228,19,10
"634","Estonia","Women","1930-1934","Medium",102,9,2
"635","Estonia","Women","1930-1934","High",65,10,5
"636","Estonia","Women","1935-1939","Low",160,13,7
"637","Estonia","Women","1935-1939","Medium",144,9,2
"638","Estonia","Women","1935-1939","High",114,15,6
"639","Estonia","Women","1940-1944","Low",118,10,3
"640","Estonia","Women","1940-1944","Medium",147,7,5
"641","Estonia","Women","1940-1944","High",122,13,8
"642","Estonia","Women","1945-1949","Low",69,9,4
"643","Estonia","Women","1945-1949","Medium",200,7,2
"644","Estonia","Women","1945-1949","High",138,14,8
"645","Estonia","Women","1950-1954","Low",55,3,3
"646","Estonia","Women","1950-1954","Medium",239,14,6
"647","Estonia","Women","1950-1954","High",182,14,9
"648","Estonia","Women","1955-1959","Low",34,3,2
"649","Estonia","Women","1955-1959","Medium",226,12,5
"650","Estonia","Women","1955-1959","High",206,14,6
"651","Estonia","Women","1960-1964","Low",25,1,1
"652","Estonia","Women","1960-1964","Medium",234,13,7
"653","Estonia","Women","1960-1964","High",211,17,15
"654","Estonia","Women","1965-1969","Low",23,4,3
"655","Estonia","Women","1965-1969","Medium",222,20,14
"656","Estonia","Women","1965-1969","High",164,13,10
"657","Estonia","Women","1970-1974","Low",1,NA,NA
"658","Estonia","Women","1970-1974","Medium",17,3,2
"659","Estonia","Women","1970-1974","High",7,2,2
"660","Belgium","Men","1925-1929","Low",25,3,1
"661","Belgium","Men","1925-1929","Medium",9,4,3
"662","Belgium","Men","1925-1929","High",7,4,3
"663","Belgium","Men","1930-1934","Low",89,24,17
"664","Belgium","Men","1930-1934","Medium",42,7,5
"665","Belgium","Men","1930-1934","High",36,12,9
"666","Belgium","Men","1930-1934",NA,2,NA,NA
"667","Belgium","Men","1935-1939","Low",97,26,16
"668","Belgium","Men","1935-1939","Medium",47,14,13
"669","Belgium","Men","1935-1939","High",46,10,8
"670","Belgium","Men","1940-1944","Low",99,32,22
"671","Belgium","Men","1940-1944","Medium",53,18,13
"672","Belgium","Men","1940-1944","High",61,23,12
"673","Belgium","Men","1940-1944",NA,2,1,1
"674","Belgium","Men","1945-1949","Low",114,41,29
"675","Belgium","Men","1945-1949","Medium",78,20,15
"676","Belgium","Men","1945-1949","High",98,25,15
"677","Belgium","Men","1950-1954","Low",128,37,25
"678","Belgium","Men","1950-1954","Medium",106,28,19
"679","Belgium","Men","1950-1954","High",101,17,9
"680","Belgium","Men","1950-1954",NA,3,NA,NA
"681","Belgium","Men","1955-1959","Low",111,23,15
"682","Belgium","Men","1955-1959","Medium",122,30,14
"683","Belgium","Men","1955-1959","High",106,14,10
"684","Belgium","Men","1955-1959",NA,2,NA,NA
"685","Belgium","Men","1960-1964","Low",115,20,15
"686","Belgium","Men","1960-1964","Medium",139,23,11
"687","Belgium","Men","1960-1964","High",135,26,8
"688","Belgium","Men","1960-1964",NA,3,1,NA
"689","Belgium","Men","1965-1969","Low",75,25,14
"690","Belgium","Men","1965-1969","Medium",117,25,14
"691","Belgium","Men","1965-1969","High",127,22,9
"692","Belgium","Men","1965-1969",NA,1,NA,NA
"693","Belgium","Men","1970-1974","Low",69,30,14
"694","Belgium","Men","1970-1974","Medium",84,17,11
"695","Belgium","Men","1970-1974","High",130,29,14
"696","Belgium","Men","1970-1974",NA,2,NA,NA
"697","Belgium","Men","1975-1979","Medium",4,2,NA
"698","Belgium","Men","1975-1979","High",6,1,1
"699","Belgium","Women","1925-1929","Low",35,9,8
"700","Belgium","Women","1925-1929","Medium",6,2,1
"701","Belgium","Women","1925-1929","High",1,NA,NA
"702","Belgium","Women","1930-1934","Low",114,30,23
"703","Belgium","Women","1930-1934","Medium",28,12,10
"704","Belgium","Women","1930-1934","High",24,8,5
"705","Belgium","Women","1935-1939","Low",108,30,21
"706","Belgium","Women","1935-1939","Medium",44,9,7
"707","Belgium","Women","1935-1939","High",30,12,11
"708","Belgium","Women","1940-1944","Low",113,27,18
"709","Belgium","Women","1940-1944","Medium",40,10,9
"710","Belgium","Women","1940-1944","High",62,19,17
"711","Belgium","Women","1945-1949","Low",142,37,26
"712","Belgium","Women","1945-1949","Medium",83,26,17
"713","Belgium","Women","1945-1949","High",93,24,17
"714","Belgium","Women","1945-1949",NA,1,NA,NA
"715","Belgium","Women","1950-1954","Low",134,17,14
"716","Belgium","Women","1950-1954","Medium",92,13,9
"717","Belgium","Women","1950-1954","High",100,23,9
"718","Belgium","Women","1950-1954",NA,2,1,NA
"719","Belgium","Women","1955-1959","Low",129,25,12
"720","Belgium","Women","1955-1959","Medium",125,18,8
"721","Belgium","Women","1955-1959","High",118,20,11
"722","Belgium","Women","1955-1959",NA,1,NA,NA
"723","Belgium","Women","1960-1964","Low",126,16,11
"724","Belgium","Women","1960-1964","Medium",141,16,6
"725","Belgium","Women","1960-1964","High",163,23,10
"726","Belgium","Women","1965-1969","Low",61,7,3
"727","Belgium","Women","1965-1969","Medium",144,18,6
"728","Belgium","Women","1965-1969","High",164,28,7
"729","Belgium","Women","1965-1969",NA,2,NA,NA
"730","Belgium","Women","1970-1974","Low",43,5,4
"731","Belgium","Women","1970-1974","Medium",100,15,7
"732","Belgium","Women","1970-1974","High",148,30,14
"733","Belgium","Women","1975-1979","Medium",3,NA,NA
"734","Belgium","Women","1975-1979","High",3,NA,NA
"735","Lithuania","Men","1925-1929","Low",114,30,20
"736","Lithuania","Men","1925-1929","Medium",27,7,6
"737","Lithuania","Men","1925-1929","High",18,NA,NA
"738","Lithuania","Men","1930-1934","Low",204,38,27
"739","Lithuania","Men","1930-1934","Medium",77,7,5
"740","Lithuania","Men","1930-1934","High",38,6,3
"741","Lithuania","Men","1935-1939","Low",223,60,45
"742","Lithuania","Men","1935-1939","Medium",116,16,12
"743","Lithuania","Men","1935-1939","High",72,8,5
"744","Lithuania","Men","1940-1944","Low",140,28,17
"745","Lithuania","Men","1940-1944","Medium",153,24,14
"746","Lithuania","Men","1940-1944","High",53,4,4
"747","Lithuania","Men","1945-1949","Low",101,22,17
"748","Lithuania","Men","1945-1949","Medium",148,17,16
"749","Lithuania","Men","1945-1949","High",48,4,2
"750","Lithuania","Men","1950-1954","Low",68,25,20
"751","Lithuania","Men","1950-1954","Medium",285,39,27
"752","Lithuania","Men","1950-1954","High",74,8,6
"753","Lithuania","Men","1955-1959","Low",63,17,14
"754","Lithuania","Men","1955-1959","Medium",289,32,26
"755","Lithuania","Men","1955-1959","High",100,8,8
"756","Lithuania","Men","1960-1964","Low",43,11,7
"757","Lithuania","Men","1960-1964","Medium",321,44,33
"758","Lithuania","Men","1960-1964","High",93,6,4
"759","Lithuania","Men","1965-1969","Low",38,14,10
"760","Lithuania","Men","1965-1969","Medium",285,38,34
"761","Lithuania","Men","1965-1969","High",82,9,7
"762","Lithuania","Men","1970-1974","Low",20,6,5
"763","Lithuania","Men","1970-1974","Medium",95,19,15
"764","Lithuania","Men","1970-1974","High",20,6,4
"765","Lithuania","Women","1925-1929","Low",112,32,20
"766","Lithuania","Women","1925-1929","Medium",27,11,6
"767","Lithuania","Women","1925-1929","High",13,3,2
"768","Lithuania","Women","1930-1934","Low",231,58,38
"769","Lithuania","Women","1930-1934","Medium",79,20,10
"770","Lithuania","Women","1930-1934","High",26,5,3
"771","Lithuania","Women","1935-1939","Low",250,47,33
"772","Lithuania","Women","1935-1939","Medium",152,18,9
"773","Lithuania","Women","1935-1939","High",60,13,7
"774","Lithuania","Women","1940-1944","Low",133,28,21
"775","Lithuania","Women","1940-1944","Medium",223,27,19
"776","Lithuania","Women","1940-1944","High",65,9,8
"777","Lithuania","Women","1945-1949","Low",63,6,3
"778","Lithuania","Women","1945-1949","Medium",229,28,20
"779","Lithuania","Women","1945-1949","High",67,14,12
"780","Lithuania","Women","1950-1954","Low",26,5,4
"781","Lithuania","Women","1950-1954","Medium",228,28,21
"782","Lithuania","Women","1950-1954","High",102,24,18
"783","Lithuania","Women","1955-1959","Low",20,5,5
"784","Lithuania","Women","1955-1959","Medium",303,31,22
"785","Lithuania","Women","1955-1959","High",131,20,15
"786","Lithuania","Women","1960-1964","Low",13,3,3
"787","Lithuania","Women","1960-1964","Medium",317,25,20
"788","Lithuania","Women","1960-1964","High",135,15,11
"789","Lithuania","Women","1965-1969","Low",20,1,1
"790","Lithuania","Women","1965-1969","Medium",320,28,24
"791","Lithuania","Women","1965-1969","High",132,20,15
"792","Lithuania","Women","1970-1974","Low",7,2,2
"793","Lithuania","Women","1970-1974","Medium",104,14,14
"794","Lithuania","Women","1970-1974","High",31,6,5
"795","Poland","Men","1925-1929","Medium",1,NA,NA
"796","Poland","Men","1930-1934","Low",110,13,9
"797","Poland","Men","1930-1934","Medium",137,18,9
"798","Poland","Men","1930-1934","High",48,2,2
"799","Poland","Men","1930-1934",NA,1,NA,NA
"800","Poland","Men","1935-1939","Low",185,23,21
"801","Poland","Men","1935-1939","Medium",260,26,23
"802","Poland","Men","1935-1939","High",78,4,3
"803","Poland","Men","1935-1939",NA,4,1,1
"804","Poland","Men","1940-1944","Low",134,15,11
"805","Poland","Men","1940-1944","Medium",299,35,29
"806","Poland","Men","1940-1944","High",105,12,9
"807","Poland","Men","1940-1944",NA,1,NA,NA
"808","Poland","Men","1945-1949","Low",164,35,32
"809","Poland","Men","1945-1949","Medium",559,60,49
"810","Poland","Men","1945-1949","High",124,11,10
"811","Poland","Men","1945-1949",NA,5,1,1
"812","Poland","Men","1950-1954","Low",182,47,43
"813","Poland","Men","1950-1954","Medium",667,93,80
"814","Poland","Men","1950-1954","High",113,9,7
"815","Poland","Men","1950-1954",NA,2,NA,NA
"816","Poland","Men","1955-1959","Low",101,29,27
"817","Poland","Men","1955-1959","Medium",646,108,87
"818","Poland","Men","1955-1959","High",101,15,13
"819","Poland","Men","1955-1959",NA,4,2,2
"820","Poland","Men","1960-1964","Low",58,29,28
"821","Poland","Men","1960-1964","Medium",483,89,85
"822","Poland","Men","1960-1964","High",81,14,13
"823","Poland","Men","1960-1964",NA,1,NA,NA
"824","Poland","Men","1965-1969","Low",57,22,21
"825","Poland","Men","1965-1969","Medium",458,57,47
"826","Poland","Men","1965-1969","High",100,16,13
"827","Poland","Men","1965-1969",NA,4,1,1
"828","Poland","Men","1970-1974","Low",61,26,26
"829","Poland","Men","1970-1974","Medium",479,87,83
"830","Poland","Men","1970-1974","High",135,25,16
"831","Poland","Men","1970-1974",NA,1,NA,NA
"832","Poland","Men","1975-1979","Low",8,4,3
"833","Poland","Men","1975-1979","Medium",91,13,11
"834","Poland","Men","1975-1979","High",58,18,16
"835","Poland","Women","1925-1929","Low",2,NA,NA
"836","Poland","Women","1930-1934","Low",317,30,18
"837","Poland","Women","1930-1934","Medium",223,22,12
"838","Poland","Women","1930-1934","High",43,7,3
"839","Poland","Women","1930-1934",NA,2,1,NA
"840","Poland","Women","1935-1939","Low",399,31,11
"841","Poland","Women","1935-1939","Medium",420,59,32
"842","Poland","Women","1935-1939","High",112,11,4
"843","Poland","Women","1935-1939",NA,2,1,NA
"844","Poland","Women","1940-1944","Low",334,19,7
"845","Poland","Women","1940-1944","Medium",404,48,27
"846","Poland","Women","1940-1944","High",101,20,11
"847","Poland","Women","1940-1944",NA,1,NA,NA
"848","Poland","Women","1945-1949","Low",305,25,16
"849","Poland","Women","1945-1949","Medium",754,81,53
"850","Poland","Women","1945-1949","High",135,28,21
"851","Poland","Women","1945-1949",NA,2,NA,NA
"852","Poland","Women","1950-1954","Low",281,18,13
"853","Poland","Women","1950-1954","Medium",892,97,65
"854","Poland","Women","1950-1954","High",181,34,27
"855","Poland","Women","1950-1954",NA,2,NA,NA
"856","Poland","Women","1955-1959","Low",198,10,6
"857","Poland","Women","1955-1959","Medium",784,78,62
"858","Poland","Women","1955-1959","High",182,31,21
"859","Poland","Women","1955-1959",NA,3,NA,NA
"860","Poland","Women","1960-1964","Low",79,8,5
"861","Poland","Women","1960-1964","Medium",607,57,46
"862","Poland","Women","1960-1964","High",140,17,16
"863","Poland","Women","1960-1964",NA,1,NA,NA
"864","Poland","Women","1965-1969","Low",59,5,5
"865","Poland","Women","1965-1969","Medium",496,33,25
"866","Poland","Women","1965-1969","High",167,35,31
"867","Poland","Women","1965-1969",NA,3,1,1
"868","Poland","Women","1970-1974","Low",60,8,7
"869","Poland","Women","1970-1974","Medium",591,49,37
"870","Poland","Women","1970-1974","High",259,41,36
"871","Poland","Women","1970-1974",NA,2,NA,NA
"872","Poland","Women","1975-1979","Low",9,NA,NA
"873","Poland","Women","1975-1979","Medium",123,15,12
"874","Poland","Women","1975-1979","High",73,14,10
"875","Poland","Women","1975-1979",NA,1,NA,NA
"876","CzechRepublic","Men","1925-1929","Low",42,12,7
"877","CzechRepublic","Men","1925-1929","Medium",101,21,16
"878","CzechRepublic","Men","1925-1929","High",22,3,2
"879","CzechRepublic","Men","1930-1934","Low",94,25,18
"880","CzechRepublic","Men","1930-1934","Medium",138,27,23
"881","CzechRepublic","Men","1930-1934","High",32,4,3
"882","CzechRepublic","Men","1930-1934",NA,2,NA,NA
"883","CzechRepublic","Men","1935-1939","Low",51,17,14
"884","CzechRepublic","Men","1935-1939","Medium",169,24,20
"885","CzechRepublic","Men","1935-1939","High",40,4,4
"886","CzechRepublic","Men","1935-1939",NA,2,NA,NA
"887","CzechRepublic","Men","1940-1944","Low",59,21,17
"888","CzechRepublic","Men","1940-1944","Medium",222,35,30
"889","CzechRepublic","Men","1940-1944","High",51,9,6
"890","CzechRepublic","Men","1940-1944",NA,8,1,1
"891","CzechRepublic","Men","1945-1949","Low",68,18,16
"892","CzechRepublic","Men","1945-1949","Medium",248,46,41
"893","CzechRepublic","Men","1945-1949","High",66,14,10
"894","CzechRepublic","Men","1945-1949",NA,8,4,4
"895","CzechRepublic","Men","1950-1954","Low",62,24,23
"896","CzechRepublic","Men","1950-1954","Medium",289,68,55
"897","CzechRepublic","Men","1950-1954","High",68,7,6
"898","CzechRepublic","Men","1950-1954",NA,6,1,1
"899","CzechRepublic","Men","1955-1959","Low",54,21,19
"900","CzechRepublic","Men","1955-1959","Medium",246,61,51
"901","CzechRepublic","Men","1955-1959","High",71,15,9
"902","CzechRepublic","Men","1955-1959",NA,10,2,2
"903","CzechRepublic","Men","1960-1964","Low",60,27,26
"904","CzechRepublic","Men","1960-1964","Medium",250,63,53
"905","CzechRepublic","Men","1960-1964","High",87,21,17
"906","CzechRepublic","Men","1960-1964",NA,4,1,1
"907","CzechRepublic","Men","1965-1969","Low",59,22,20
"908","CzechRepublic","Men","1965-1969","Medium",244,55,47
"909","CzechRepublic","Men","1965-1969","High",91,22,17
"910","CzechRepublic","Men","1965-1969",NA,11,2,2
"911","CzechRepublic","Men","1970-1974","Low",4,1,1
"912","CzechRepublic","Men","1970-1974","Medium",29,5,4
"913","CzechRepublic","Men","1970-1974","High",6,4,2
"914","CzechRepublic","Men","1970-1974",NA,2,1,1
"915","CzechRepublic","Women","1925-1929","Low",145,27,18
"916","CzechRepublic","Women","1925-1929","Medium",106,27,17
"917","CzechRepublic","Women","1925-1929","High",7,2,2
"918","CzechRepublic","Women","1925-1929",NA,1,NA,NA
"919","CzechRepublic","Women","1930-1934","Low",128,23,12
"920","CzechRepublic","Women","1930-1934","Medium",140,21,12
"921","CzechRepublic","Women","1930-1934","High",8,2,2
"922","CzechRepublic","Women","1930-1934",NA,4,1,NA
"923","CzechRepublic","Women","1935-1939","Low",128,18,14
"924","CzechRepublic","Women","1935-1939","Medium",176,28,21
"925","CzechRepublic","Women","1935-1939","High",17,3,2
"926","CzechRepublic","Women","1935-1939",NA,2,NA,NA
"927","CzechRepublic","Women","1940-1944","Low",125,19,14
"928","CzechRepublic","Women","1940-1944","Medium",219,25,19
"929","CzechRepublic","Women","1940-1944","High",35,5,3
"930","CzechRepublic","Women","1940-1944",NA,6,1,NA
"931","CzechRepublic","Women","1945-1949","Low",85,15,10
"932","CzechRepublic","Women","1945-1949","Medium",312,26,13
"933","CzechRepublic","Women","1945-1949","High",40,10,6
"934","CzechRepublic","Women","1945-1949",NA,16,5,4
"935","CzechRepublic","Women","1950-1954","Low",98,8,8
"936","CzechRepublic","Women","1950-1954","Medium",275,27,17
"937","CzechRepublic","Women","1950-1954","High",58,5,3
"938","CzechRepublic","Women","1950-1954",NA,7,3,3
"939","CzechRepublic","Women","1955-1959","Low",88,17,14
"940","CzechRepublic","Women","1955-1959","Medium",282,35,25
"941","CzechRepublic","Women","1955-1959","High",61,7,3
"942","CzechRepublic","Women","1955-1959",NA,8,NA,NA
"943","CzechRepublic","Women","1960-1964","Low",70,10,7
"944","CzechRepublic","Women","1960-1964","Medium",323,32,19
"945","CzechRepublic","Women","1960-1964","High",56,8,6
"946","CzechRepublic","Women","1960-1964",NA,9,1,NA
"947","CzechRepublic","Women","1965-1969","Low",48,10,9
"948","CzechRepublic","Women","1965-1969","Medium",303,36,26
"949","CzechRepublic","Women","1965-1969","High",75,9,7
"950","CzechRepublic","Women","1965-1969",NA,6,2,1
"951","CzechRepublic","Women","1970-1974","Low",4,NA,NA
"952","CzechRepublic","Women","1970-1974","Medium",22,1,NA
"953","CzechRepublic","Women","1970-1974","High",3,2,NA
"954","CzechRepublic","Women","1970-1974",NA,1,NA,NA
"955","Sweden","Men","1930-1934","Low",25,24,17
"956","Sweden","Men","1930-1934","Medium",26,26,18
"957","Sweden","Men","1930-1934","High",17,17,13
"958","Sweden","Men","1935-1939","Low",95,94,55
"959","Sweden","Men","1935-1939","Medium",105,101,72
"960","Sweden","Men","1935-1939","High",51,50,33
"961","Sweden","Men","1935-1939",NA,1,1,NA
"962","Sweden","Men","1940-1944","Low",95,89,60
"963","Sweden","Men","1940-1944","Medium",173,166,101
"964","Sweden","Men","1940-1944","High",79,71,52
"965","Sweden","Men","1940-1944",NA,2,2,1
"966","Sweden","Men","1945-1949","Low",98,87,51
"967","Sweden","Men","1945-1949","Medium",230,214,111
"968","Sweden","Men","1945-1949","High",133,111,56
"969","Sweden","Men","1950-1954","Low",80,66,37
"970","Sweden","Men","1950-1954","Medium",223,170,93
"971","Sweden","Men","1950-1954","High",104,80,47
"972","Sweden","Men","1955-1959","Low",57,41,19
"973","Sweden","Men","1955-1959","Medium",245,146,64
"974","Sweden","Men","1955-1959","High",118,50,28
"975","Sweden","Men","1960-1964","Low",47,22,7
"976","Sweden","Men","1960-1964","Medium",245,87,37
"977","Sweden","Men","1960-1964","High",108,30,14
"978","Sweden","Men","1965-1969","Low",35,9,1
"979","Sweden","Men","1965-1969","Medium",268,76,35
"980","Sweden","Men","1965-1969","High",126,24,13
"981","Sweden","Men","1970-1974","Low",26,7,2
"982","Sweden","Men","1970-1974","Medium",232,48,24
"983","Sweden","Men","1970-1974","High",167,41,19
"984","Sweden","Men","1970-1974",NA,1,NA,NA
"985","Sweden","Men","1975-1979","Low",11,3,2
"986","Sweden","Men","1975-1979","Medium",108,32,16
"987","Sweden","Men","1975-1979","High",92,27,15
"988","Sweden","Men","1975-1979",NA,1,NA,NA
"989","Sweden","Women","1930-1934","Low",31,30,16
"990","Sweden","Women","1930-1934","Medium",30,28,10
"991","Sweden","Women","1930-1934","High",15,15,12
"992","Sweden","Women","1935-1939","Low",95,94,49
"993","Sweden","Women","1935-1939","Medium",104,104,54
"994","Sweden","Women","1935-1939","High",74,74,41
"995","Sweden","Women","1935-1939",NA,1,1,1
"996","Sweden","Women","1940-1944","Low",90,87,49
"997","Sweden","Women","1940-1944","Medium",155,151,81
"998","Sweden","Women","1940-1944","High",115,111,65
"999","Sweden","Women","1940-1944",NA,1,1,1
"1000","Sweden","Women","1945-1949","Low",92,88,47
"1001","Sweden","Women","1945-1949","Medium",234,224,105
"1002","Sweden","Women","1945-1949","High",159,148,72
"1003","Sweden","Women","1945-1949",NA,1,NA,NA
"1004","Sweden","Women","1950-1954","Low",38,34,16
"1005","Sweden","Women","1950-1954","Medium",196,177,83
"1006","Sweden","Women","1950-1954","High",156,133,62
"1007","Sweden","Women","1950-1954",NA,3,3,3
"1008","Sweden","Women","1955-1959","Low",37,23,9
"1009","Sweden","Women","1955-1959","Medium",213,139,55
"1010","Sweden","Women","1955-1959","High",180,106,44
"1011","Sweden","Women","1960-1964","Low",29,14,6
"1012","Sweden","Women","1960-1964","Medium",243,94,40
"1013","Sweden","Women","1960-1964","High",196,58,27
"1014","Sweden","Women","1965-1969","Low",26,6,2
"1015","Sweden","Women","1965-1969","Medium",272,47,14
"1016","Sweden","Women","1965-1969","High",188,31,13
"1017","Sweden","Women","1965-1969",NA,1,1,NA
"1018","Sweden","Women","1970-1974","Low",12,1,1
"1019","Sweden","Women","1970-1974","Medium",201,28,5
"1020","Sweden","Women","1970-1974","High",236,28,11
"1021","Sweden","Women","1970-1974",NA,1,NA,NA
"1022","Sweden","Women","1975-1979","Low",9,NA,NA
"1023","Sweden","Women","1975-1979","Medium",87,9,7
"1024","Sweden","Women","1975-1979","High",126,29,14
"1025","Sweden","Women","1975-1979",NA,2,NA,NA
"1026","Bulgaria","Men","1919","All",1,NA,NA
"1027","Bulgaria","Men","1920-1924","All",8,NA,NA
"1028","Bulgaria","Men","1925-1929","All",235,28,22
"1029","Bulgaria","Men","1930-1934","All",294,15,13
"1030","Bulgaria","Men","1935-1939","All",352,25,18
"1031","Bulgaria","Men","1940-1944","All",372,38,35
"1032","Bulgaria","Men","1945-1949","All",429,33,28
"1033","Bulgaria","Men","1950-1954","All",435,50,40
"1034","Bulgaria","Men","1955-1959","All",411,53,52
"1035","Bulgaria","Men","1960-1964","All",612,88,68
"1036","Bulgaria","Men","1965-1969","All",604,134,120
"1037","Bulgaria","Women","1920-1924","All",6,NA,NA
"1038","Bulgaria","Women","1925-1929","All",140,17,8
"1039","Bulgaria","Women","1930-1934","All",359,29,12
"1040","Bulgaria","Women","1935-1939","All",366,30,17
"1041","Bulgaria","Women","1940-1944","All",382,22,15
"1042","Bulgaria","Women","1945-1949","All",458,26,19
"1043","Bulgaria","Women","1950-1954","All",425,27,20
"1044","Bulgaria","Women","1955-1959","All",410,34,28
"1045","Bulgaria","Women","1960-1964","All",892,61,51
"1046","Bulgaria","Women","1965-1969","All",840,88,79
"1047","Russia","Men","1920-1924","All",6,NA,NA
"1048","Russia","Men","1925-1929","All",166,14,NA
"1049","Russia","Men","1930-1934","All",200,18,10
"1050","Russia","Men","1935-1939","All",273,28,13
"1051","Russia","Men","1940-1944","All",188,15,9
"1052","Russia","Men","1945-1949","All",290,22,13
"1053","Russia","Men","1950-1954","All",348,29,17
"1054","Russia","Men","1955-1959","All",392,38,22
"1055","Russia","Men","1960-1964","All",423,54,36
"1056","Russia","Men","1965-1969","All",359,56,37
"1057","Russia","Women","1920-1924","All",27,NA,NA
"1058","Russia","Women","1925-1929","All",413,62,24
"1059","Russia","Women","1930-1934","All",419,36,8
"1060","Russia","Women","1935-1939","All",663,52,22
"1061","Russia","Women","1940-1944","All",416,48,23
"1062","Russia","Women","1945-1949","All",495,42,23
"1063","Russia","Women","1950-1954","All",701,40,21
"1064","Russia","Women","1955-1959","All",691,53,NA
"1065","Russia","Women","1960-1964","All",675,42,24
"1066","Russia","Women","1965-1969","All",476,40,23
"1067","Georgia","Men","1925-1929","All",121,NA,NA
"1068","Georgia","Men","1930-1934","All",192,NA,NA
"1069","Georgia","Men","1935-1939","All",317,21,19
"1070","Georgia","Men","1940-1944","All",218,15,12
"1071","Georgia","Men","1945-1949","All",258,NA,NA
"1072","Georgia","Men","1950-1954","All",337,20,20
"1073","Georgia","Men","1955-1959","All",457,NA,NA
"1074","Georgia","Men","1960-1964","All",469,55,52
"1075","Georgia","Men","1965-1969","All",450,77,74
"1076","Georgia","Men","1970-1974","All",110,NA,NA
"1077","Georgia","Women","1925-1929","All",218,37,28
"1078","Georgia","Women","1930-1934","All",300,37,25
"1079","Georgia","Women","1935-1939","All",429,52,39
"1080","Georgia","Women","1940-1944","All",343,46,36
"1081","Georgia","Women","1945-1949","All",375,42,36
"1082","Georgia","Women","1950-1954","All",475,51,45
"1083","Georgia","Women","1955-1959","All",544,50,49
"1084","Georgia","Women","1960-1964","All",626,78,72
"1085","Georgia","Women","1965-1969","All",520,77,72
"1086","Georgia","Women","1970-1974","All",174,NA,NA
"1087","Germany","Men","1925-1929","All",195,40,29
"1088","Germany","Men","1930-1934","All",257,57,51
"1089","Germany","Men","1935-1939","All",392,98,71
"1090","Germany","Men","1940-1944","All",443,115,81
"1091","Germany","Men","1945-1949","All",349,84,59
"1092","Germany","Men","1950-1954","All",392,103,72
"1093","Germany","Men","1955-1959","All",413,97,64
"1094","Germany","Men","1960-1964","All",512,142,98
"1095","Germany","Men","1965-1969","All",440,169,113
"1096","Germany","Men","1970-1974","All",40,NA,NA
"1097","Germany","Women","1920-1924","All",1,NA,NA
"1098","Germany","Women","1925-1929","All",245,74,55
"1099","Germany","Women","1930-1934","All",291,68,44
"1100","Germany","Women","1935-1939","All",376,80,57
"1101","Germany","Women","1940-1944","All",389,78,50
"1102","Germany","Women","1945-1949","All",346,73,50
"1103","Germany","Women","1950-1954","All",446,78,50
"1104","Germany","Women","1955-1959","All",562,75,42
"1105","Germany","Women","1960-1964","All",637,83,51
"1106","Germany","Women","1965-1969","All",631,94,57
"1107","Germany","Women","1970-1974","All",57,12,11
"1108","France","Men","1925-1929","All",183,37,25
"1109","France","Men","1930-1934","All",270,NA,NA
"1110","France","Men","1935-1939","All",294,38,25
"1111","France","Men","1940-1944","All",320,51,35
"1112","France","Men","1945-1949","All",436,60,40
"1113","France","Men","1950-1954","All",408,58,30
"1114","France","Men","1955-1959","All",403,94,54
"1115","France","Men","1960-1964","All",414,102,49
"1116","France","Men","1965-1969","All",470,98,58
"1117","France","Men","1970-1974","All",84,23,15
"1118","France","Women","1925-1929","All",250,50,27
"1119","France","Women","1930-1934","All",328,46,29
"1120","France","Women","1935-1939","All",375,43,27
"1121","France","Women","1940-1944","All",367,49,30
"1122","France","Women","1945-1949","All",514,74,48
"1123","France","Women","1950-1954","All",548,71,47
"1124","France","Women","1955-1959","All",540,81,41
"1125","France","Women","1960-1964","All",521,78,40
"1126","France","Women","1965-1969","All",573,91,56
"1127","France","Women","1970-1974","All",103,13,9
"1128","Hungary","Men","1925-1929","All",191,21,10
"1129","Hungary","Men","1930-1934","All",328,39,30
"1130","Hungary","Men","1935-1939","All",374,33,16
"1131","Hungary","Men","1940-1944","All",483,52,35
"1132","Hungary","Men","1945-1949","All",530,54,36
"1133","Hungary","Men","1950-1954","All",618,59,42
"1134","Hungary","Men","1955-1959","All",592,88,66
"1135","Hungary","Men","1960-1964","All",463,85,56
"1136","Hungary","Men","1965-1969","All",513,115,89
"1137","Hungary","Men","1970-1974","All",4,NA,NA
"1138","Hungary","Women","1925-1929","All",360,61,NA
"1139","Hungary","Women","1930-1934","All",515,55,26
"1140","Hungary","Women","1935-1939","All",608,64,26
"1141","Hungary","Women","1940-1944","All",645,61,25
"1142","Hungary","Women","1945-1949","All",695,63,36
"1143","Hungary","Women","1950-1954","All",769,64,38
"1144","Hungary","Women","1955-1959","All",709,56,37
"1145","Hungary","Women","1960-1964","All",584,34,20
"1146","Hungary","Women","1965-1969","All",588,63,40
"1147","Hungary","Women","1970-1974","All",2,NA,NA
"1148","Italy","Men","1935-1939","All",118,14,12
"1149","Italy","Men","1940-1944","All",454,74,66
"1150","Italy","Men","1945-1949","All",522,98,82
"1151","Italy","Men","1950-1954","All",471,120,102
"1152","Italy","Men","1955-1959","All",575,124,102
"1153","Italy","Men","1960-1964","All",621,191,161
"1154","Italy","Men","1965-1969","All",443,177,160
"1155","Italy","Women","1935-1939","All",187,28,NA
"1156","Italy","Women","1940-1944","All",717,78,40
"1157","Italy","Women","1945-1949","All",625,103,58
"1158","Italy","Women","1950-1954","All",523,90,49
"1159","Italy","Women","1955-1959","All",559,104,45
"1160","Italy","Women","1960-1964","All",654,139,76
"1161","Italy","Women","1965-1969","All",555,157,88
"1162","Netherlands","Men","1920-1924","All",36,NA,NA
"1163","Netherlands","Men","1925-1929","All",134,14,9
"1164","Netherlands","Men","1930-1934","All",166,19,15
"1165","Netherlands","Men","1935-1939","All",243,28,19
"1166","Netherlands","Men","1940-1944","All",270,43,26
"1167","Netherlands","Men","1945-1949","All",355,69,48
"1168","Netherlands","Men","1950-1954","All",396,101,58
"1169","Netherlands","Men","1955-1959","All",362,84,49
"1170","Netherlands","Men","1960-1964","All",406,128,73
"1171","Netherlands","Men","1965-1969","All",233,96,60
"1172","Netherlands","Women","1920-1924","All",64,14,7
"1173","Netherlands","Women","1925-1929","All",207,35,19
"1174","Netherlands","Women","1930-1934","All",267,48,31
"1175","Netherlands","Women","1935-1939","All",254,24,16
"1176","Netherlands","Women","1940-1944","All",335,43,30
"1177","Netherlands","Women","1945-1949","All",433,69,42
"1178","Netherlands","Women","1950-1954","All",464,98,50
"1179","Netherlands","Women","1955-1959","All",461,87,43
"1180","Netherlands","Women","1960-1964","All",601,115,67
"1181","Netherlands","Women","1965-1969","All",408,75,45
"1182","Romania","Men","1925-1929","All",247,37,27
"1183","Romania","Men","1930-1934","All",380,58,43
"1184","Romania","Men","1935-1939","All",452,70,52
"1185","Romania","Men","1940-1944","All",422,84,63
"1186","Romania","Men","1945-1949","All",562,90,71
"1187","Romania","Men","1950-1954","All",659,99,82
"1188","Romania","Men","1955-1959","All",566,105,90
"1189","Romania","Men","1960-1964","All",502,82,63
"1190","Romania","Men","1965-1969","All",661,128,114
"1191","Romania","Men","1970-1974","All",136,45,43
"1192","Romania","Women","1925-1929","All",281,49,25
"1193","Romania","Women","1930-1934","All",491,78,39
"1194","Romania","Women","1935-1939","All",580,82,50
"1195","Romania","Women","1940-1944","All",468,60,41
"1196","Romania","Women","1945-1949","All",558,70,46
"1197","Romania","Women","1950-1954","All",657,62,42
"1198","Romania","Women","1955-1959","All",556,52,42
"1199","Romania","Women","1960-1964","All",410,35,30
"1200","Romania","Women","1965-1969","All",640,70,56
"1201","Romania","Women","1970-1974","All",118,11,10
"1202","Austria","Men","1960-1964","All",144,30,18
"1203","Austria","Men","1965-1969","All",461,112,58
"1204","Austria","Men","1970-1974","All",301,109,59
"1205","Austria","Women","1960-1964","All",203,31,21
"1206","Austria","Women","1965-1969","All",712,121,57
"1207","Austria","Women","1970-1974","All",466,91,38
"1208","Estonia","Men","1920-1924","All",11,NA,NA
"1209","Estonia","Men","1925-1929","All",107,13,9
"1210","Estonia","Men","1930-1934","All",178,21,15
"1211","Estonia","Men","1935-1939","All",212,23,NA
"1212","Estonia","Men","1940-1944","All",206,23,18
"1213","Estonia","Men","1945-1949","All",256,22,10
"1214","Estonia","Men","1950-1954","All",228,27,18
"1215","Estonia","Men","1955-1959","All",299,29,16
"1216","Estonia","Men","1960-1964","All",244,33,22
"1217","Estonia","Men","1965-1969","All",256,45,31
"1218","Estonia","Men","1970-1974","All",17,NA,NA
"1219","Estonia","Women","1920-1924","All",40,NA,NA
"1220","Estonia","Women","1925-1929","All",303,45,18
"1221","Estonia","Women","1930-1934","All",395,38,17
"1222","Estonia","Women","1935-1939","All",418,37,15
"1223","Estonia","Women","1940-1944","All",387,30,16
"1224","Estonia","Women","1945-1949","All",407,30,14
"1225","Estonia","Women","1950-1954","All",476,31,18
"1226","Estonia","Women","1955-1959","All",466,29,13
"1227","Estonia","Women","1960-1964","All",470,31,23
"1228","Estonia","Women","1965-1969","All",409,37,27
"1229","Estonia","Women","1970-1974","All",25,NA,NA
"1230","Belgium","Men","1925-1929","All",41,11,7
"1231","Belgium","Men","1930-1934","All",167,43,31
"1232","Belgium","Men","1935-1939","All",190,50,37
"1233","Belgium","Men","1940-1944","All",213,73,47
"1234","Belgium","Men","1945-1949","All",290,86,59
"1235","Belgium","Men","1950-1954","All",335,82,53
"1236","Belgium","Men","1955-1959","All",339,67,39
"1237","Belgium","Men","1960-1964","All",389,69,34
"1238","Belgium","Men","1965-1969","All",319,72,37
"1239","Belgium","Men","1970-1974","All",283,76,39
"1240","Belgium","Men","1975-1979","All",10,3,NA
"1241","Belgium","Women","1925-1929","All",42,NA,NA
"1242","Belgium","Women","1930-1934","All",166,50,38
"1243","Belgium","Women","1935-1939","All",182,51,39
"1244","Belgium","Women","1940-1944","All",215,56,44
"1245","Belgium","Women","1945-1949","All",318,87,60
"1246","Belgium","Women","1950-1954","All",326,53,32
"1247","Belgium","Women","1955-1959","All",372,63,31
"1248","Belgium","Women","1960-1964","All",430,55,27
"1249","Belgium","Women","1965-1969","All",369,53,16
"1250","Belgium","Women","1970-1974","All",291,50,25
"1251","Belgium","Women","1975-1979","All",6,NA,NA
"1252","Lithuania","Men","1925-1929","All",159,NA,NA
"1253","Lithuania","Men","1930-1934","All",319,51,35
"1254","Lithuania","Men","1935-1939","All",411,84,62
"1255","Lithuania","Men","1940-1944","All",346,56,35
"1256","Lithuania","Men","1945-1949","All",297,43,35
"1257","Lithuania","Men","1950-1954","All",427,72,53
"1258","Lithuania","Men","1955-1959","All",452,57,48
"1259","Lithuania","Men","1960-1964","All",457,61,44
"1260","Lithuania","Men","1965-1969","All",405,61,51
"1261","Lithuania","Men","1970-1974","All",135,31,24
"1262","Lithuania","Women","1925-1929","All",152,46,28
"1263","Lithuania","Women","1930-1934","All",336,83,51
"1264","Lithuania","Women","1935-1939","All",462,78,49
"1265","Lithuania","Women","1940-1944","All",421,64,48
"1266","Lithuania","Women","1945-1949","All",359,48,35
"1267","Lithuania","Women","1950-1954","All",356,57,43
"1268","Lithuania","Women","1955-1959","All",454,56,42
"1269","Lithuania","Women","1960-1964","All",465,43,34
"1270","Lithuania","Women","1965-1969","All",472,49,40
"1271","Lithuania","Women","1970-1974","All",142,22,21
"1272","Poland","Men","1925-1929","All",1,NA,NA
"1273","Poland","Men","1930-1934","All",295,33,20
"1274","Poland","Men","1935-1939","All",523,53,47
"1275","Poland","Men","1940-1944","All",538,62,49
"1276","Poland","Men","1945-1949","All",847,106,91
"1277","Poland","Men","1950-1954","All",962,149,130
"1278","Poland","Men","1955-1959","All",848,152,127
"1279","Poland","Men","1960-1964","All",622,132,126
"1280","Poland","Men","1965-1969","All",615,95,81
"1281","Poland","Men","1970-1974","All",675,138,125
"1282","Poland","Men","1975-1979","All",157,35,30
"1283","Poland","Women","1925-1929","All",2,NA,NA
"1284","Poland","Women","1930-1934","All",583,59,33
"1285","Poland","Women","1935-1939","All",931,101,47
"1286","Poland","Women","1940-1944","All",839,87,45
"1287","Poland","Women","1945-1949","All",1194,134,90
"1288","Poland","Women","1950-1954","All",1354,149,105
"1289","Poland","Women","1955-1959","All",1164,119,89
"1290","Poland","Women","1960-1964","All",826,82,67
"1291","Poland","Women","1965-1969","All",722,73,61
"1292","Poland","Women","1970-1974","All",910,98,80
"1293","Poland","Women","1975-1979","All",205,NA,NA
"1294","CzechRepublic","Men","1925-1929","All",165,36,25
"1295","CzechRepublic","Men","1930-1934","All",264,56,44
"1296","CzechRepublic","Men","1935-1939","All",260,45,38
"1297","CzechRepublic","Men","1940-1944","All",332,65,53
"1298","CzechRepublic","Men","1945-1949","All",382,78,67
"1299","CzechRepublic","Men","1950-1954","All",419,99,84
"1300","CzechRepublic","Men","1955-1959","All",371,97,79
"1301","CzechRepublic","Men","1960-1964","All",397,111,96
"1302","CzechRepublic","Men","1965-1969","All",394,99,84
"1303","CzechRepublic","Men","1970-1974","All",39,10,7
"1304","CzechRepublic","Women","1925-1929","All",258,56,37
"1305","CzechRepublic","Women","1930-1934","All",276,46,26
"1306","CzechRepublic","Women","1935-1939","All",321,49,37
"1307","CzechRepublic","Women","1940-1944","All",379,49,36
"1308","CzechRepublic","Women","1945-1949","All",437,51,29
"1309","CzechRepublic","Women","1950-1954","All",431,40,28
"1310","CzechRepublic","Women","1955-1959","All",431,59,42
"1311","CzechRepublic","Women","1960-1964","All",449,50,32
"1312","CzechRepublic","Women","1965-1969","All",426,55,42
"1313","CzechRepublic","Women","1970-1974","All",29,NA,NA
"1314","Sweden","Men","1930-1934","All",68,67,48
"1315","Sweden","Men","1935-1939","All",251,245,160
"1316","Sweden","Men","1940-1944","All",347,326,213
"1317","Sweden","Men","1945-1949","All",461,412,218
"1318","Sweden","Men","1950-1954","All",407,316,177
"1319","Sweden","Men","1955-1959","All",420,237,111
"1320","Sweden","Men","1960-1964","All",400,139,58
"1321","Sweden","Men","1965-1969","All",429,109,49
"1322","Sweden","Men","1970-1974","All",425,96,45
"1323","Sweden","Men","1975-1979","All",211,62,33
"1324","Sweden","Women","1930-1934","All",76,73,38
"1325","Sweden","Women","1935-1939","All",273,272,144
"1326","Sweden","Women","1940-1944","All",360,349,195
"1327","Sweden","Women","1945-1949","All",485,460,224
"1328","Sweden","Women","1950-1954","All",390,344,161
"1329","Sweden","Women","1955-1959","All",430,268,108
"1330","Sweden","Women","1960-1964","All",468,166,73
"1331","Sweden","Women","1965-1969","All",486,84,29
"1332","Sweden","Women","1970-1974","All",449,57,17
"1333","Sweden","Women","1975-1979","All",222,NA,NA
