"","x","country","sex","bc_cate","education","datasetname","total_n","childless_n","never_in_union_n","prop_childless","prop_neverinunion","hdi","iso3","iso2","continent","year","life_exp","pop","gdp_percap","small_cases","small_cases_n","cont_hdi"
"1",1540,"Chad","Men","1960-1969","All","DHS",676.450402069837,11.6468918658793,3.49607491493225,0.0172176582795155,0.30017235114669,0.394,"TCD","TD","Africa",1992,51.724,6429417,1058.0643,1,2,0.54344
"2",1543,"Chad","Women","1960-1969","All","DHS",1260.2718228288,10.5796119570732,1.31557700037956,0.00839470641605416,0.124350213005686,0.394,"TCD","TD","Africa",1992,51.724,6429417,1058.0643,1,2,0.54344
"3",1514,"Burundi","Men","1960-1969","All","DHS",925.39876255393,18.2896829247475,13.3338660299778,0.0197641099867816,0.729037571883542,0.426,"BDI","BI","Africa",1992,44.736,5809236,631.6998778,1,2,0.54344
"4",1517,"Burundi","Women","1960-1969","All","DHS",659.777081355453,21.1711401343346,12.6319000124931,0.0320883230603288,0.596656577413473,0.426,"BDI","BI","Africa",1992,44.736,5809236,631.6998778,1,2,0.54344
"5",1798,"Mozambique","Men","1960-1969","All","DHS",469.575344592333,12.6228640675545,2.27997997403145,0.0268814455718777,0.180623031495036,0.446,"MOZ","MZ","Africa",1992,44.284,13160731,410.8968239,1,2,0.54344
"6",1800,"Mozambique","Women","1960-1969","All","DHS",1801.38788765669,68.6818648576736,7.83358404040337,0.0381271936645569,0.114056076616972,0.446,"MOZ","MZ","Africa",1992,44.284,13160731,410.8968239,1,2,0.54344
"7",1509,"Burkina Faso","Men","1960-1969","All","DHS",1292.79867291451,14.615866035223,3.52595001459122,0.0113056010509917,0.241241265217811,0.449,"BFA","BF","Africa",1992,50.26,8878303,931.7527731,1,2,0.54344
"8",1511,"Burkina Faso","Women","1960-1969","All","DHS",2478.07210567594,22.211295902729,5.56590396165848,0.00896313543575055,0.25058888891641,0.449,"BFA","BF","Africa",1992,50.26,8878303,931.7527731,1,2,0.54344
"9",1663,"Guinea","Men","1960-1969","All","DHS",514.963152706623,10.8021518588066,5.64801388978958,0.0209765529864243,0.522860071179703,0.465,"GIN","GN","Africa",1992,48.576,6990574,794.3484384,1,2,0.54344
"10",1666,"Guinea","Women","1960-1969","All","DHS",171.208185315132,11.0521720051765,2.9341059923172,0.0645539930514039,0.265477771332454,0.465,"GIN","GN","Africa",1992,48.576,6990574,794.3484384,1,2,0.54344
"11",1576,"Democratic Republic of the Congo","Men","1960-1969","All","DHS",1227.78394410014,26.9525898918509,9.33739584684372,0.0219522254068934,0.346437796304943,0.479,"COD","CD","Africa",1992,45.548,41672143,457.7191807,1,2,0.54344
"12",1578,"Democratic Republic of the Congo","Women","1960-1969","All","DHS",1477.26588556916,36.8780712112784,8.59091320633888,0.0249637330500393,0.232954515357396,0.479,"COD","CD","Africa",1992,45.548,41672143,457.7191807,1,2,0.54344
"13",1598,"Ethiopia","Men","1960-1969","All","DHS",1326.80067468714,28.7670138506219,9.11338789388537,0.0216814887114865,0.316799927208585,0.498,"ETH","ET","Africa",1992,48.091,52088559,421.3534653,1,2,0.54344
"14",1601,"Ethiopia","Women","1960-1969","All","DHS",537.319930090569,17.1204499714077,3.09592598676682,0.0318626743819496,0.1808320454157,0.498,"ETH","ET","Africa",1992,48.091,52088559,421.3534653,1,2,0.54344
"15",1767,"Madagascar","Men","1960-1969","All","DHS",1497.9954289645,60.278814420104,14.8661119937897,0.0402396517736854,0.246622501401282,0.501,"MDG","MG","Africa",1992,52.214,12210395,1040.67619,1,2,0.54344
"16",1770,"Madagascar","Women","1960-1969","All","DHS",3362.2117164731,160.276163980365,35.3496379256248,0.0476698606441393,0.220554554387485,0.501,"MDG","MG","Africa",1992,52.214,12210395,1040.67619,1,2,0.54344
"17",1772,"Malawi","Men","1960-1969","All","DHS",693.215400006622,14.8998809810728,7.13433901034296,0.0214938689777095,0.478818523410063,0.512,"MWI","MW","Africa",1992,49.42,10014249,563.2000145,1,2,0.54344
"18",1775,"Malawi","Women","1960-1969","All","DHS",1143.93684117123,14.4474610686302,0,0.0126295967999755,0,0.512,"MWI","MW","Africa",1992,49.42,10014249,563.2000145,1,2,0.54344
"19",1742,"Lesotho","Men","1960-1969","All","DHS",317.98785020411,28.0062488913536,13.2855950295925,0.0880733300765327,0.474379667235414,0.514,"LSO","LS","Africa",1992,59.685,1803195,977.4862725,1,2,0.54344
"20",1744,"Lesotho","Women","1960-1969","All","DHS",513.990253552794,24.6253219544888,6.80651086568832,0.0479100951511709,0.276402918843772,0.514,"LSO","LS","Africa",1992,59.685,1803195,977.4862725,1,2,0.54344
"21",1845,"Nigeria","Men","1960-1969","All","DHS",1499.35735217482,22.0238080322742,9.72823601961136,0.0146888318520789,0.441714530264493,0.535,"NGA","NG","Africa",1992,47.472,93364244,1619.848217,1,2,0.54344
"22",1848,"Nigeria","Women","1960-1969","All","DHS",733.405665136874,22.2970591932535,2.3136790394783,0.0304020820306757,0.103766107423635,0.535,"NGA","NG","Africa",1992,47.472,93364244,1619.848217,1,2,0.54344
"23",1968,"Togo","Men","1960-1969","All","DHS",656.164762824774,15.2339030951262,7.06313614547253,0.0232165821120058,0.463645862873596,0.539,"TGO","TG","Africa",1992,58.061,3747553,1034.298904,1,2,0.54344
"24",1970,"Togo","Women","1960-1969","All","DHS",921.260800644755,18.2301938533783,6.24557507038116,0.0197883095000023,0.342595099131311,0.539,"TGO","TG","Africa",1992,58.061,3747553,1034.298904,1,2,0.54344
"25",1721,"Ivory Coast","Men","1960-1969","All","DHS",750.356207769364,24.988842189312,9.60429719090462,0.0333026393739023,0.384343424883146,0.55,"CIV","CI","Africa",1992,52.044,12772596,1648.073791,1,2,0.54344
"26",1723,"Ivory Coast","Women","1960-1969","All","DHS",1056.5686833486,33.3249029442668,8.30997591465712,0.0315406877654651,0.249362344087089,0.55,"CIV","CI","Africa",1992,52.044,12772596,1648.073791,1,2,0.54344
"27",1793,"Mauritania","Men","1960-1969","All","DHS",330.198389559984,50.5334511399269,34.76474198699,0.153039665660595,0.687955031820934,0.556,"MRT","MR","Africa",1992,58.333,2119465,1361.369784,1,2,0.54344
"28",1795,"Mauritania","Women","1960-1969","All","DHS",1165.04138643295,92.6638089865446,40.4601679444313,0.0795369246669054,0.436633982424642,0.556,"MRT","MR","Africa",1992,58.333,2119465,1361.369784,1,2,0.54344
"29",1554,"Comoros","Men","1960-1969","All","DHS",285.574264973402,19.7420379221439,5.17889094352722,0.0691310119417891,0.262328082032415,0.558,"COM","KM","Africa",1992,57.939,454429,1246.90737,1,2,0.54344
"30",1556,"Comoros","Women","1960-1969","All","DHS",421.827690139413,22.558059990406,0,0.0534769540210853,0,0.558,"COM","KM","Africa",1992,57.939,454429,1246.90737,1,2,0.54344
"31",1559,"Congo","Men","1960-1969","All","DHS",804.192331187427,29.5531266480684,16.1287918686867,0.0367488292314748,0.545755853881568,0.571,"COG","CG","Africa",1992,56.433,2409073,4016.239529,1,2,0.54344
"32",1561,"Congo","Women","1960-1969","All","DHS",1252.87041711807,27.300314091146,6.01119495928288,0.0217902136710546,0.220187758251193,0.571,"COG","CG","Africa",1992,56.433,2409073,4016.239529,1,2,0.54344
"33",1733,"Kenya","Men","1960-1969","All","DHS",1589.60987130925,43.3284064009786,27.055420294404,0.0272572580121763,0.624426849305793,0.575,"KEN","KE","Africa",1992,59.285,25020539,1341.921721,1,2,0.54344
"34",1735,"Kenya","Women","1960-1969","All","DHS",2430.21684770659,45.8233221024275,16.2900351583958,0.0188556515628106,0.355496598914919,0.575,"KEN","KE","Africa",1992,59.285,25020539,1341.921721,1,2,0.54344
"35",1525,"Cameroon","Men","1960-1969","All","DHS",680.172865569592,13.0443029105663,4.09371599555016,0.0191779230999501,0.313831718231115,0.576,"CMR","CM","Africa",1992,54.314,12467171,1793.163278,1,2,0.54344
"36",1529,"Cameroon","Women","1960-1969","All","DHS",894.967583745718,26.0079470276833,6.28706595301628,0.0290602112300335,0.241736341062377,0.576,"CMR","CM","Africa",1992,54.314,12467171,1793.163278,1,2,0.54344
"37",1441,"Angola","Men","1960-1969","All","DHS",587.803102172911,12.3653870150447,2.66903401166201,0.0210366140793303,0.21584718767109,0.586,"AGO","AO","Africa",1992,40.647,8735988,2627.845685,1,2,0.54344
"38",1444,"Angola","Women","1960-1969","All","DHS",656.098207078874,16.3793602436781,4.72784507274628,0.0249647995787146,0.288646504039807,0.586,"AGO","AO","Africa",1992,40.647,8735988,2627.845685,1,2,0.54344
"39",2000,"Zimbabwe","Men","1960-1969","All","DHS",805.527701176703,18.9950738921762,8.0731238797307,0.0235809071052783,0.425011449050267,0.593,"ZWE","ZW","Africa",1992,60.377,10704340,693.4207856,1,2,0.54344
"40",2003,"Zimbabwe","Women","1960-1969","All","DHS",455.448356337845,19.1609609127045,9.52530501782894,0.0420705457513852,0.497120424243091,0.593,"ZWE","ZW","Africa",1992,60.377,10704340,693.4207856,1,2,0.54344
"41",1939,"Swaziland","Men","1960-1969","All","DHS",597.713580936193,42.0521879196167,25.7092730104923,0.0703550818667208,0.611365883260008,0.597,"SWZ","SZ","Africa",1992,58.474,962344,3553.0224,1,2,0.54344
"42",1942,"Swaziland","Women","1960-1969","All","DHS",909.548676945269,39.3247029855847,9.73275396972895,0.043235402329051,0.24749720228775,0.597,"SWZ","SZ","Africa",1992,58.474,962344,3553.0224,1,2,0.54344
"43",1810,"Namibia","Men","1960-1969","All","DHS",538.74982444942,47.3589653074741,32.9737213551998,0.087905300676196,0.696250881773297,0.615,"NAM","NA","Africa",1992,61.999,1554253,3804.537999,1,2,0.54344
"44",1814,"Namibia","Women","1960-1969","All","DHS",948.638073794544,53.1869481354952,29.9473070651293,0.0560666386947214,0.56305744388337,0.615,"NAM","NA","Africa",1992,61.999,1554253,3804.537999,1,2,0.54344
"45",1651,"Ghana","Men","1960-1969","All","DHS",657.823859490454,26.377671867609,16.7584089934826,0.0400983811807023,0.635325554036535,0.632,"GHA","GH","Africa",1992,57.501,16278738,925.060154,1,2,0.54344
"46",1653,"Ghana","Women","1960-1969","All","DHS",866.495033189654,18.7267819046974,1.64277696609497,0.0216121053063193,0.0877233992714412,0.632,"GHA","GH","Africa",1992,57.501,16278738,925.060154,1,2,0.54344
"47",1617,"Gabon","Men","1960-1969","All","DHS",927.635463062674,28.9506397731602,5.61980701237917,0.0312090696463641,0.194116850488024,0.706,"GAB","GA","Africa",1992,61.366,985739,13522.15752,1,2,0.54344
"48",1619,"Gabon","Women","1960-1969","All","DHS",1003.47132635489,33.9897702857852,7.0394100099802,0.0338721888638842,0.207103783014507,0.706,"GAB","GA","Africa",1992,61.366,985739,13522.15752,1,2,0.54344
"49",1932,"South Africa","Men","1960-1969","All","DHS",452.170554332435,55.5268457680941,34.5829190164804,0.122800667217421,0.622814397938517,0.713,"ZAF","ZA","Africa",1992,61.888,39964159,7225.069258,1,2,0.54344
"50",1935,"South Africa","Women","1960-1969","All","DHS",615.854240566492,38.7494173943996,15.2338821440935,0.0629197866020311,0.39313835325677,0.713,"ZAF","ZA","Africa",1992,61.888,39964159,7225.069258,1,2,0.54344
"51",1802,"Myanmar","Men","1960-1969","All","DHS",431.466305032372,38.0511011108756,20.7145939767361,0.0881902031910017,0.544388818509527,0.585,"MMR","MM","Asia",1992,59.32,40546538,347,1,2,0.66425
"52",1805,"Myanmar","Women","1960-1969","All","DHS",1172.43471875787,209.104196511209,166.652313344181,0.178350396116505,0.796982155904497,0.585,"MMR","MM","Asia",1992,59.32,40546538,347,1,2,0.66425
"53",1520,"Cambodia","Men","1960-1969","All","DHS",577.483252745122,16.6236121505499,0.208885997533798,0.0287863103761502,0.0125656202540125,0.593,"KHM","KH","Asia",1992,55.803,10150094,682.3031755,1,2,0.66425
"54",1522,"Cambodia","Women","1960-1969","All","DHS",1988.53920118511,134.872080519795,81.6016076505184,0.0678247028971897,0.605029649843222,0.593,"KHM","KH","Asia",1992,55.803,10150094,682.3031755,1,2,0.66425
"55",1961,"Timor-Leste","Men","1960-1969","All","DHS",715.850519388914,60.1359626799822,32.428961455822,0.0840063128421242,0.539260702092607,0.607,"TLS","TL","Asia",1992,49.156,796343,2577.986234,1,2,0.66425
"56",1964,"Timor-Leste","Women","1960-1969","All","DHS",612.837151899934,41.3580051660538,28.9178512245417,0.0674861258620412,0.699208076125421,0.607,"TLS","TL","Asia",1992,49.156,796343,2577.986234,1,2,0.66425
"57",1700,"India","Men","1960-1969","All","DHS",16751.7116256306,1186.60566491843,239.926552519435,0.0708348908718611,0.20219569113209,0.633,"IND","IN","Asia",1992,60.223,872000000,1164.406809,1,2,0.66425
"58",1703,"India","Women","1960-1969","All","DHS",54201.0236464499,1893.64834691025,401.692459995742,0.0349375015361778,0.212126216914117,0.633,"IND","IN","Asia",1992,60.223,872000000,1164.406809,1,2,0.66425
"59",1860,"Philippines","Men","1960-1969","All","DHS",945.581382274628,124.130945682526,75.3645468652248,0.131274735320957,0.607137458357686,0.699,"PHL","PH","Asia",1992,66.458,67185766,2279.324017,1,2,0.66425
"60",1862,"Philippines","Women","1960-1969","All","DHS",3004.21762415767,277.575754523277,178.651304394007,0.0923953552136904,0.643612784916435,0.699,"PHL","PH","Asia",1992,66.458,67185766,2279.324017,1,2,0.66425
"61",1706,"Indonesia","Men","1960-1969","All","DHS",2405.34378487617,49.3289200365543,0,0.0205080539200736,0,0.705,"IDN","ID","Asia",1992,62.681,184816000,2383.140898,1,2,0.66425
"62",1709,"Indonesia","Women","1960-1969","All","DHS",2934.92660508305,166.283376865089,59.2843899801373,0.0566567411181935,0.356526257150988,0.705,"IDN","ID","Asia",1992,62.681,184816000,2383.140898,1,2,0.66425
"63",1459,"Azerbaijan","Men","1960-1969","All","DHS",620.665054511279,33.2251588329673,9.84027204662561,0.0535315442547821,0.296169300381544,0.745,"AZE","AZ","Asia",1992,65.623,7413618,3455.542969,1,2,0.66425
"64",1462,"Azerbaijan","Women","1960-1969","All","DHS",2459.2785618566,257.52545324713,156.873864471912,0.104715853356894,0.609158677303135,0.745,"AZE","AZ","Asia",1992,65.623,7413618,3455.542969,1,2,0.66425
"65",1778,"Maldives","Men","1960-1969","All","DHS",209.693635970354,17.8851990103722,6.59121704101562,0.0852920448806599,0.368529141732958,0.747,"MDV","MV","Asia",1992,60.989,232026,2261.799787,1,2,0.66425
"66",1781,"Maldives","Women","1960-1969","All","DHS",427.631673961878,20.5585948526859,1.55432403087616,0.048075472666037,0.0756045849443399,0.747,"MDV","MV","Asia",1992,60.989,232026,2261.799787,1,2,0.66425
"67",1676,"Haiti","Men","1960-1969","All","DHS",1908.81161041558,61.2721250504255,28.7074591219425,0.0320996187974179,0.468523967437345,0.535,"HTI","HT","Americas",1992,55.089,6326682,1456.309517,1,2,0.691555555555556
"68",1680,"Haiti","Women","1960-1969","All","DHS",1207.19438187778,23.0098567008972,7.36207586526871,0.019060606184321,0.319953138386196,0.535,"HTI","HT","Americas",1992,55.089,6326682,1456.309517,1,2,0.691555555555556
"69",1684,"Honduras","Men","1960-1969","All","DHS",1129.77545271069,70.6702416539192,31.3170469105244,0.0625524669387699,0.4431433397934,0.621,"HND","HN","Americas",1992,66.399,5077347,3081.694603,1,2,0.691555555555556
"70",1686,"Honduras","Women","1960-1969","All","DHS",3107.07364629954,139.872022077441,81.5007162541151,0.045017285716425,0.58268061792223,0.621,"HND","HN","Americas",1992,66.399,5077347,3081.694603,1,2,0.691555555555556
"71",1656,"Guatemala","Men","1960-1969","All","DHS",1460.4513810873,73.3021747469902,48.5064168870449,0.0501914515582279,0.661732302683647,0.627,"GTM","GT","Americas",1992,63.373,8486949,4439.45084,1,2,0.691555555555556
"72",1659,"Guatemala","Women","1960-1969","All","DHS",2023.41427991539,96.5149848759174,64.6419908702374,0.0476990727177992,0.669761187377723,0.627,"GTM","GT","Americas",1992,63.373,8486949,4439.45084,1,2,0.691555555555556
"73",1485,"Bolivia","Men","1960-1969","All","DHS",1157.2001610212,77.7707379199564,52.4851768352091,0.067205951519507,0.674870500640333,0.692,"BOL","BO","Americas",1992,59.957,6893451,2961.699694,1,2,0.691555555555556
"74",1488,"Bolivia","Women","1960-1969","All","DHS",3640.7520195134,144.129836022854,79.106610044837,0.0395879299799489,0.548856588113327,0.692,"BOL","BO","Americas",1992,59.957,6893451,2961.699694,1,2,0.691555555555556
"75",1670,"Guyana","Men","1960-1969","All","DHS",882.327027861029,113.131522335112,54.3787377178669,0.128219490917523,0.48066831061275,0.714,"GUY","GY","Americas",1992,62.531,747460,2234.654246,1,2,0.691555555555556
"76",1673,"Guyana","Women","1960-1969","All","DHS",1243.52012580261,93.0060611218214,40.3722960054874,0.0747925660324895,0.434082419129726,0.714,"GUY","GY","Americas",1992,62.531,747460,2234.654246,1,2,0.691555555555556
"77",1547,"Colombia","Men","1960-1969","All","DHS",6041.13142576977,664.162507160101,326.096978453919,0.10994008578045,0.490989742628322,0.752,"COL","CO","Americas",1992,68.421,34202721,5444.648617,1,2,0.691555555555556
"78",1550,"Colombia","Women","1960-1969","All","DHS",3909.83287748066,215.319167884998,107.968870475888,0.0550711947626112,0.501436409663046,0.752,"COL","CO","Americas",1992,68.421,34202721,5444.648617,1,2,0.691555555555556
"79",1493,"Brazil","Men","1960-1969","All","DHS",67.9916384220123,11.0489511489868,7.00387915968895,0.162504557992968,0.633895386561756,0.754,"BRA","BR","Americas",1992,67.057,155975974,6950.283021,1,2,0.691555555555556
"80",1496,"Brazil","Women","1960-1969","All","DHS",464.168226718903,41.7739008069038,26.9370047450066,0.0899973294212613,0.644828570583354,0.754,"BRA","BR","Americas",1992,67.057,155975974,6950.283021,1,2,0.691555555555556
"81",1854,"Peru","Men","1960-1969","All","DHS",86.8767058998346,18.1664501130581,11.3654019534588,0.209106111067371,0.625625913853655,0.762,"PER","PE","Americas",1992,66.458,22430449,4446.380924,1,2,0.691555555555556
"82",1857,"Peru","Women","1960-1969","All","DHS",1345.13033011556,100.815738618374,84.9810955673456,0.0749486769878373,0.842934810893282,0.762,"PER","PE","Americas",1992,66.458,22430449,4446.380924,1,2,0.691555555555556
"83",1582,"Dominican Republic","Men","1960-1969","All","DHS",462.167645782232,49.4690184369683,18.2805497050285,0.107036957018574,0.369535322968272,0.767,"DOM","DO","Americas",1992,68.457,7351181,3044.214214,1,2,0.691555555555556
"84",1584,"Dominican Republic","Women","1960-1969","All","DHS",4526.13369454443,218.850705333054,86.3696463629603,0.0483526824664604,0.394650984704482,0.767,"DOM","DO","Americas",1992,68.457,7351181,3044.214214,1,2,0.691555555555556
"85",1447,"Armenia","Men","1960-1969","All","DHS",238.880266919732,10.2541571259499,7.45313608646393,0.0429259279478094,0.726840440898111,0.759,"ARM","AM","FSU",1992,68.663,3378331,1442.937796,1,2,0.807
"86",1450,"Armenia","Women","1960-1969","All","DHS",533.484643936157,40.3124106675386,30.7347857058048,0.075564331843004,0.762414978337028,0.759,"ARM","AM","FSU",1992,68.663,3378331,1442.937796,1,2,0.807
"87",1988,"Ukraine","Men","1960-1969","All","DHS",863.085322827101,102.359382808208,30.9069300591946,0.11859706114909,0.301945256128647,0.773,"UKR","UA","FSU",1992,69,51869109,6650.453507,1,2,0.807
"88",1991,"Ukraine","Women","1960-1969","All","DHS",2045.27956673503,119.545847177505,29.5686569213867,0.0584496364809146,0.247341564926821,0.773,"UKR","UA","FSU",1992,69,51869109,6650.453507,1,2,0.807
"89",1630,"Georgia","Men","1960-1969","All","GGS",1011.41993547761,144.343665607324,104.529069896849,0.142713882279928,0.724168043377895,0.802,"GEO","GE","FSU",1992,70.465,5355289,2393.030934,1,2,0.807
"90",1636,"Georgia","Women","1960-1969","All","GGS",1159.08144560817,156.511437542589,124.171857810636,0.135030577993997,0.793372419040283,0.802,"GEO","GE","FSU",1992,70.465,5355289,2393.030934,1,2,0.807
"91",1728,"Kazakhstan","Men","1960-1969","All","DHS",204.768624812365,12.6945637762547,6.86634692549706,0.0619946722203515,0.540888765184718,0.811,"KAZ","KZ","FSU",1992,65.359,16542063,5919.908968,1,2,0.807
"92",1731,"Kazakhstan","Women","1960-1969","All","DHS",699.558806359768,32.5048139691353,18.9532950818539,0.0464647341633475,0.583091941392154,0.811,"KAZ","KZ","FSU",1992,65.359,16542063,5919.908968,1,2,0.807
"93",1898,"Russia","Men","1960-1969","All","GGS",790.583117187023,100.311530768871,38.9336990118027,0.126882965988181,0.388127852435133,0.822,"RUS","RU","FSU",1992,67.98,148401650,10277.91045,1,2,0.807
"94",1903,"Russia","Women","1960-1969","All","GGS",1184.95859086514,74.2030504345894,27.9406549930573,0.0626207962089322,0.376543212568966,0.822,"RUS","RU","FSU",1992,67.98,148401650,10277.91045,1,2,0.807
"95",1757,"Lithuania","Men","1960-1969","All","GGS",956.790043,136.738545,68.746396,0.142913846146704,0.502757989709485,0.875,"LTU","LT","FSU",1992,70.4,3700278,9743.510738,1,2,0.807
"96",1763,"Lithuania","Women","1960-1969","All","GGS",908.005486,88.829723,50.662308,0.0978295003385035,0.570330586306117,0.875,"LTU","LT","FSU",1992,70.4,3700278,9743.510738,1,2,0.807
"97",1877,"Moldova","Men","1960-1969","All","DHS",503.933032512665,47.6345050930977,12.8338449597359,0.0945254667184385,0.269423287481485,0.767,"MDA","MD","Europe",1992,67.276,4448083,2839.94394,1,2,0.8774
"98",1880,"Moldova","Women","1960-1969","All","DHS",1885.10748249292,86.9155422449112,22.7963740825653,0.0461064119961858,0.262281906017793,0.767,"MDA","MD","Europe",1992,67.276,4448083,2839.94394,1,2,0.8774
"99",1502,"Bulgaria","Men","1960-1969","All","GGS",1254.75071298842,228.619762164566,153.79895558176,0.182203333138633,0.67272817592668,0.795,"BGR","BG","Europe",1992,71.19,8658506,6302.623438,1,2,0.8774
"100",1507,"Bulgaria","Women","1960-1969","All","GGS",1382.82710808031,121.703687218926,72.7817410425553,0.0880107762624638,0.59802412487004,0.795,"BGR","BG","Europe",1992,71.19,8658506,6302.623438,1,2,0.8774
"101",1434,"Albania","Men","1960-1969","All","DHS",1543.07687552273,116.58545525372,37.3922821134329,0.0755538865905341,0.320728533692798,0.796,"ALB","AL","Europe",1992,71.581,3326498,2497.437901,1,2,0.8774
"102",1438,"Albania","Women","1960-1969","All","DHS",3976.04998636246,33.1012591123581,25.3338781446218,0.00832516171222515,0.765344848624311,0.796,"ALB","AL","Europe",1992,71.581,3326498,2497.437901,1,2,0.8774
"103",1886,"Romania","Men","1960-1969","All","GGS",1017.02121149238,178.135665280614,73.6490014211153,0.175154326446365,0.413443323127333,0.821,"ROU","RO","Europe",1992,69.36,22797027,6598.409903,1,2,0.8774
"104",1892,"Romania","Women","1960-1969","All","GGS",1020.6314052704,103.418242497135,37.2947696246039,0.101327709458182,0.360620802714154,0.821,"ROU","RO","Europe",1992,69.36,22797027,6598.409903,1,2,0.8774
"105",1692,"Hungary","Men","1960-1969","All","GGS",1129.2073969245,266.606457769871,140.953047990799,0.236100523691218,0.528693300116784,0.846,"HUN","HU","Europe",1992,69.17,10348684,10535.62855,1,2,0.8774
"106",1698,"Hungary","Women","1960-1969","All","GGS",1183.07576757669,112.493124902248,45.7706509828568,0.0950853089761691,0.406875095901458,0.846,"HUN","HU","Europe",1992,69.17,10348684,10535.62855,1,2,0.8774
"107",1867,"Poland","Men","1960-1969","All","GGS",1794.30071492566,331.153984845794,224.984135995979,0.184558798918783,0.67939431893216,0.876,"POL","PL","Europe",1992,70.99,38370697,7738.881247,1,2,0.8774
"108",1873,"Poland","Women","1960-1969","All","GGS",1762.66718925353,165.787554232485,97.7291509779877,0.0940549385858224,0.589484243436883,0.876,"POL","PL","Europe",1992,70.99,38370697,7738.881247,1,2,0.8774
"109",1567,"Czechia","Men","1960-1969","All","GGS",920.067384952065,230.424077244136,130.660020450583,0.250442609979204,0.567041526273089,0.889,"CZE","CZ","Europe",1992,72.4,10315702,14297.02122,1,2,0.8774
"110",1573,"Czechia","Women","1960-1969","All","GGS",890.815556912453,99.3474999574121,38.6780688872751,0.111524208559792,0.389321008619799,0.889,"CZE","CZ","Europe",1992,72.4,10315702,14297.02122,1,2,0.8774
"111",1589,"Estonia","Men","1960-1969","All","GGS",687.07438158989,106.044540166855,41.0362449884415,0.154342154224217,0.38697178491107,0.89,"EST","EE","Europe",1992,69.14,1528715,8245.731835,1,2,0.8774
"112",1595,"Estonia","Women","1960-1969","All","GGS",751.514058291912,57.9393747448921,28.123445212841,0.0770968608046805,0.485394351193276,0.89,"EST","EE","Europe",1992,69.14,1528715,8245.731835,1,2,0.8774
"113",1715,"Italy","Men","1960-1969","All","GGS",125.207170720495,44.2307423947229,28.3726220236754,0.353260457369977,0.641468365384265,0.895,"ITA","IT","Europe",1992,77.44,56840847,22013.64486,1,2,0.8774
"114",1719,"Italy","Women","1960-1969","All","GGS",121.135165742211,25.0069658448775,18.1604444606501,0.206438532457991,0.726215430264609,0.895,"ITA","IT","Europe",1992,77.44,56840847,22013.64486,1,2,0.8774
"115",1608,"France","Men","1960-1969","All","GGS",973.999051064253,215.606854736805,78.6508506238461,0.221362489523187,0.364788265752759,0.903,"FRA","FR","Europe",1992,77.46,57374179,24703.79615,1,2,0.8774
"116",1614,"France","Women","1960-1969","All","GGS",1010.89317029715,130.26262511313,39.0788059979677,0.128858942705924,0.300000141744638,0.903,"FRA","FR","Europe",1992,77.46,57374179,24703.79615,1,2,0.8774
"117",1453,"Austria","Men","1960-1969","All","GGS",770.075473487377,174.71531522274,59.9404598474503,0.226880768493407,0.343075017613847,0.916,"AUT","AT","Europe",1992,76.04,7914969,27042.01868,1,2,0.8774
"118",1455,"Austria","Women","1960-1969","All","GGS",751.784058272839,139.009770423174,37.2648992240429,0.184906515233294,0.268073957036264,0.916,"AUT","AT","Europe",1992,76.04,7914969,27042.01868,1,2,0.8774
"119",1468,"Belgium","Men","1960-1969","All","GGS",742.156955361366,147.128089785576,38.7378805875778,0.19824390073113,0.263293573946581,0.937,"BEL","BE","Europe",1992,76.46,10045622,25575.57069,1,2,0.8774
"120",1474,"Belgium","Women","1960-1969","All","GGS",759.001260399818,103.087738215923,14.4666098356247,0.135820246413846,0.140332983204303,0.937,"BEL","BE","Europe",1992,76.46,10045622,25575.57069,1,2,0.8774
"121",1826,"Netherlands","Men","1960-1969","All","GGS",678.991305649281,225.604378432035,64.7742784619331,0.33226401657132,0.287114456342197,0.941,"NLD","NL","Europe",1992,77.42,15174244,26790.94961,1,2,0.8774
"122",1831,"Netherlands","Women","1960-1969","All","GGS",813.287028282881,139.900902211666,35.4464291930199,0.172019099464851,0.253368124384148,0.941,"NLD","NL","Europe",1992,77.42,15174244,26790.94961,1,2,0.8774
"123",1642,"Germany","Men","1960-1969","All","GGS",1115.13600192964,389.085000574589,161.693999946117,0.34891259891288,0.415575002139204,0.942,"DEU","DE","Europe",1992,76.07,80597764,26505.30317,1,2,0.8774
"124",1648,"Germany","Women","1960-1969","All","GGS",1054.5620008111,165.317000329494,48.7589999139309,0.156763661313743,0.294942442802308,0.942,"DEU","DE","Europe",1992,76.07,80597764,26505.30317,1,2,0.8774
"125",1947,"Sweden","Men","1960-1969","All","GGS",838.516915857792,274.614788532257,57.5202180743217,0.327500594607957,0.209457831392664,0.947,"SWE","SE","Europe",1992,78.16,8718867,23880.01683,1,2,0.8774
"126",1952,"Sweden","Women","1960-1969","All","GGS",864.741747438908,236.096096098423,15.5348899364471,0.273024977454442,0.0657990123223849,0.947,"SWE","SE","Europe",1992,78.16,8718867,23880.01683,1,2,0.8774
